,measurement_start_time,probe_asn,input,domain,explorer_url,dns,false,http-failure,tcp_ip
0,2018-01-06 06:16:55,4837,https://www.wikipedia.org/,www.wikipedia.org,https://explorer.ooni.io/measurement/20180106T061654Z_AS4837_Cdv3cNhpFrYp4eV9RZDHVMqGJFDOwihft1XSCMO3UChNm3UD0c?input=https%3A%2F%2Fwww.wikipedia.org%2F,0.0,1.0,0.0,0.0
1,2018-01-10 04:32:19,4134,https://en.wikipedia.org/wiki/the_holocaust,en.wikipedia.org,https://explorer.ooni.io/measurement/20180110T043131Z_AS4134_WaVdgfNU8PgJw5pqVEihQT23uf82XsR5EWWG0orTy8SBiS0Lt1?input=https%3A%2F%2Fen.wikipedia.org%2Fwiki%2Fthe_holocaust,0.0,1.0,0.0,0.0
2,2018-01-19 04:30:17,56046,https://www.wikipedia.org/,www.wikipedia.org,https://explorer.ooni.io/measurement/20180119T042942Z_AS56046_b13MFtXfycX23JvTbkwBbgroHfTD3CyM1sdLcGSz8CZQrPQyWO?input=https%3A%2F%2Fwww.wikipedia.org%2F,0.0,1.0,0.0,0.0
3,2018-01-21 18:32:28,4134,https://en.wikipedia.org/wiki/the_holocaust,en.wikipedia.org,https://explorer.ooni.io/measurement/20180121T181753Z_AS4134_D4hsCRsEyi5yuxcAjFds8USqcpmO9xLmNPL8vD3jnIOcmUaDF7?input=https%3A%2F%2Fen.wikipedia.org%2Fwiki%2Fthe_holocaust,0.0,1.0,0.0,0.0
4,2018-01-21 20:43:49,4134,https://www.wikipedia.org/,www.wikipedia.org,https://explorer.ooni.io/measurement/20180121T181753Z_AS4134_D4hsCRsEyi5yuxcAjFds8USqcpmO9xLmNPL8vD3jnIOcmUaDF7?input=https%3A%2F%2Fwww.wikipedia.org%2F,0.0,1.0,0.0,0.0
5,2018-01-21 20:53:28,4134,http://en.wikipedia.org/wiki/Main_Page,en.wikipedia.org,https://explorer.ooni.io/measurement/20180121T204806Z_AS4134_25yC2E88qYifUV2wyHksxa987MaURNcrRxcMl7acCuHT0r4BHK?input=http%3A%2F%2Fen.wikipedia.org%2Fwiki%2FMain_Page,0.0,1.0,0.0,0.0
6,2018-01-21 21:44:18,4134,http://zh.wikipedia.org/wiki/wikipedia:%e9%a6%96%e9%a1%b5,zh.wikipedia.org,https://explorer.ooni.io/measurement/20180121T204806Z_AS4134_25yC2E88qYifUV2wyHksxa987MaURNcrRxcMl7acCuHT0r4BHK?input=http%3A%2F%2Fzh.wikipedia.org%2Fwiki%2Fwikipedia%3A%25e9%25a6%2596%25e9%25a1%25b5,1.0,0.0,0.0,0.0
7,2018-01-26 17:38:47,24400,https://en.wikipedia.org/wiki/the_holocaust,en.wikipedia.org,https://explorer.ooni.io/measurement/20180126T173749Z_AS24400_2XPzENLKv1dXnJLdK7E4ZnFUIn6bctE4S89hYMD0F16P1Ky2Yi?input=https%3A%2F%2Fen.wikipedia.org%2Fwiki%2Fthe_holocaust,0.0,1.0,0.0,0.0
8,2018-01-27 01:25:28,4134,https://en.wikipedia.org/wiki/the_holocaust,en.wikipedia.org,https://explorer.ooni.io/measurement/20180127T011212Z_AS4134_5bhSZN12DfxQsheppggr2q6YjFEly4O7URWWxQcpRBb2XviiCr?input=https%3A%2F%2Fen.wikipedia.org%2Fwiki%2Fthe_holocaust,0.0,1.0,0.0,0.0
9,2018-01-27 03:24:39,4134,https://www.wikipedia.org/,www.wikipedia.org,https://explorer.ooni.io/measurement/20180127T011212Z_AS4134_5bhSZN12DfxQsheppggr2q6YjFEly4O7URWWxQcpRBb2XviiCr?input=https%3A%2F%2Fwww.wikipedia.org%2F,0.0,1.0,0.0,0.0
10,2018-01-27 03:52:40,4134,http://en.wikipedia.org/wiki/Main_Page,en.wikipedia.org,https://explorer.ooni.io/measurement/20180127T033023Z_AS4134_kNbzZc8CWPCAqmnwD8bAeZbFTI6kpFF7SyrcgzCJgKPLC5VZve?input=http%3A%2F%2Fen.wikipedia.org%2Fwiki%2FMain_Page,0.0,1.0,0.0,0.0
11,2018-01-27 04:35:44,4134,http://zh.wikipedia.org/wiki/wikipedia:%e9%a6%96%e9%a1%b5,zh.wikipedia.org,https://explorer.ooni.io/measurement/20180127T033023Z_AS4134_kNbzZc8CWPCAqmnwD8bAeZbFTI6kpFF7SyrcgzCJgKPLC5VZve?input=http%3A%2F%2Fzh.wikipedia.org%2Fwiki%2Fwikipedia%3A%25e9%25a6%2596%25e9%25a1%25b5,1.0,0.0,0.0,0.0
12,2018-01-28 03:27:09,4134,https://en.wikipedia.org/wiki/the_holocaust,en.wikipedia.org,https://explorer.ooni.io/measurement/20180128T014902Z_AS4134_eXpEqtd8tztFsWn7h41ob1lQmOZ4VeSx45eSG02ispK2Y2mVQl?input=https%3A%2F%2Fen.wikipedia.org%2Fwiki%2Fthe_holocaust,0.0,1.0,0.0,0.0
13,2018-01-28 07:42:18,4134,https://www.wikipedia.org/,www.wikipedia.org,https://explorer.ooni.io/measurement/20180128T014902Z_AS4134_eXpEqtd8tztFsWn7h41ob1lQmOZ4VeSx45eSG02ispK2Y2mVQl?input=https%3A%2F%2Fwww.wikipedia.org%2F,0.0,1.0,0.0,0.0
14,2018-01-28 07:51:21,4134,http://en.wikipedia.org/wiki/Main_Page,en.wikipedia.org,https://explorer.ooni.io/measurement/20180128T074614Z_AS4134_GNutEcNCAzCCOZGrfiAPvydOtcI5xwTLc3DLChlKDldvVuaHfo?input=http%3A%2F%2Fen.wikipedia.org%2Fwiki%2FMain_Page,0.0,1.0,0.0,0.0
15,2018-01-28 08:35:12,4134,http://zh.wikipedia.org/wiki/wikipedia:%e9%a6%96%e9%a1%b5,zh.wikipedia.org,https://explorer.ooni.io/measurement/20180128T074614Z_AS4134_GNutEcNCAzCCOZGrfiAPvydOtcI5xwTLc3DLChlKDldvVuaHfo?input=http%3A%2F%2Fzh.wikipedia.org%2Fwiki%2Fwikipedia%3A%25e9%25a6%2596%25e9%25a1%25b5,1.0,0.0,0.0,0.0
16,2018-01-29 06:18:39,4134,https://en.wikipedia.org/wiki/the_holocaust,en.wikipedia.org,https://explorer.ooni.io/measurement/20180130T140638Z_AS4134_Vn6CAUfGxUY7H8yUP5ONN77JVn1cS7qwUmhbkL38e3TglEkgQL?input=https%3A%2F%2Fen.wikipedia.org%2Fwiki%2Fthe_holocaust,0.0,1.0,0.0,0.0
17,2018-01-30 13:15:15,4134,http://en.wikipedia.org/wiki/Main_Page,en.wikipedia.org,https://explorer.ooni.io/measurement/20180130T131037Z_AS4134_mbuC9Nc3NuBArkCH9FYIHCmup7LQkuy4kjytrTM76CdoTaEScC?input=http%3A%2F%2Fen.wikipedia.org%2Fwiki%2FMain_Page,0.0,1.0,0.0,0.0
18,2018-01-30 13:59:30,4134,http://zh.wikipedia.org/wiki/wikipedia:%e9%a6%96%e9%a1%b5,zh.wikipedia.org,https://explorer.ooni.io/measurement/20180130T131037Z_AS4134_mbuC9Nc3NuBArkCH9FYIHCmup7LQkuy4kjytrTM76CdoTaEScC?input=http%3A%2F%2Fzh.wikipedia.org%2Fwiki%2Fwikipedia%3A%25e9%25a6%2596%25e9%25a1%25b5,1.0,0.0,0.0,0.0
19,2018-01-30 14:37:32,4134,https://en.wikipedia.org/wiki/the_holocaust,en.wikipedia.org,https://explorer.ooni.io/measurement/20180130T142456Z_AS4134_FYC0Y6StSALPKBfkTEcyiUD6Ww0c2gu78hIKRdYOYSUtUDuTIc?input=https%3A%2F%2Fen.wikipedia.org%2Fwiki%2Fthe_holocaust,0.0,1.0,0.0,0.0
20,2018-01-30 14:37:32,4134,https://en.wikipedia.org/wiki/the_holocaust,en.wikipedia.org,https://explorer.ooni.io/measurement/20180131T162816Z_AS4134_bcTdV9vybUfYO4KTettT2zbWWb24lmtJorYpEGQQkmY173IJ4b?input=https%3A%2F%2Fen.wikipedia.org%2Fwiki%2Fthe_holocaust,0.0,1.0,0.0,0.0
21,2018-01-31 23:00:26,4134,https://en.wikipedia.org/wiki/the_holocaust,en.wikipedia.org,https://explorer.ooni.io/measurement/20180131T205839Z_AS4134_snMYsY2ReujSyEaZFuc8e95NMLpAT3uo1LHsYUaLBwYzoNdggI?input=https%3A%2F%2Fen.wikipedia.org%2Fwiki%2Fthe_holocaust,0.0,1.0,0.0,0.0
22,2018-02-02 00:40:51,4134,http://en.wikipedia.org/wiki/Main_Page,en.wikipedia.org,https://explorer.ooni.io/measurement/20180201T235315Z_AS4134_yWOKO3PEgal1HGE0mzcQfk0CsYVNEagtht46PfBB141NoQDFuk?input=http%3A%2F%2Fen.wikipedia.org%2Fwiki%2FMain_Page,0.0,1.0,0.0,0.0
23,2018-02-03 04:23:49,4134,http://en.wikipedia.org/wiki/the_holocaust,en.wikipedia.org,https://explorer.ooni.io/measurement/20180203T042259Z_AS4134_0TfV41h5XJ16PuCjNviqNVGyV242qOV1DQnTuDNvJfJsVCPL5u?input=http%3A%2F%2Fen.wikipedia.org%2Fwiki%2Fthe_holocaust,0.0,1.0,0.0,0.0
24,2018-02-18 03:25:09,56047,https://www.wikipedia.org/,www.wikipedia.org,https://explorer.ooni.io/measurement/20180218T032413Z_AS56047_xPg62ERL7sOEY0vR0cvu5i0vCpQIhp2eBW5VPgKlp1mFoUEdpN?input=https%3A%2F%2Fwww.wikipedia.org%2F,0.0,1.0,0.0,0.0
25,2018-02-21 10:47:52,4134,https://en.wikipedia.org/wiki/the_holocaust,en.wikipedia.org,https://explorer.ooni.io/measurement/20180221T104710Z_AS4134_7GBeRNUTUQQYyuWT0IpKFh93Ggb5N3iSqvWEwfWO7bkSiWnspS?input=https%3A%2F%2Fen.wikipedia.org%2Fwiki%2Fthe_holocaust,0.0,1.0,0.0,0.0
26,2018-02-22 00:04:12,4538,https://en.wikipedia.org/wiki/the_holocaust,en.wikipedia.org,https://explorer.ooni.io/measurement/20180222T000103Z_AS4538_TJZT6K24f4A2c77vZ671cjF80SllyiDynJq0e4T3ffbEY07E6r?input=https%3A%2F%2Fen.wikipedia.org%2Fwiki%2Fthe_holocaust,1.0,0.0,0.0,0.0
27,2018-02-22 00:40:05,4538,https://www.wikipedia.org/,www.wikipedia.org,https://explorer.ooni.io/measurement/20180222T000103Z_AS4538_TJZT6K24f4A2c77vZ671cjF80SllyiDynJq0e4T3ffbEY07E6r?input=https%3A%2F%2Fwww.wikipedia.org%2F,1.0,0.0,0.0,0.0
28,2018-02-22 00:42:37,4538,http://en.wikipedia.org/wiki/Main_Page,en.wikipedia.org,https://explorer.ooni.io/measurement/20180222T004150Z_AS4538_AKlfaj3bYnSlXvgPEvuXm0mWgOD62MDlYiqzQtvJD434qP55WV?input=http%3A%2F%2Fen.wikipedia.org%2Fwiki%2FMain_Page,1.0,0.0,0.0,0.0
29,2018-02-22 00:48:38,4538,http://zh.wikipedia.org/wiki/wikipedia:%e9%a6%96%e9%a1%b5,zh.wikipedia.org,https://explorer.ooni.io/measurement/20180222T004150Z_AS4538_AKlfaj3bYnSlXvgPEvuXm0mWgOD62MDlYiqzQtvJD434qP55WV?input=http%3A%2F%2Fzh.wikipedia.org%2Fwiki%2Fwikipedia%3A%25e9%25a6%2596%25e9%25a1%25b5,1.0,0.0,0.0,0.0
30,2018-02-27 00:16:25,4538,https://en.wikipedia.org/wiki/the_holocaust,en.wikipedia.org,https://explorer.ooni.io/measurement/20180227T001011Z_AS4538_UrWalWSBr3rona4TAQrdLoA5eT9iTH4R94AOE1IEBLCO3lV9eV?input=https%3A%2F%2Fen.wikipedia.org%2Fwiki%2Fthe_holocaust,1.0,0.0,0.0,0.0
31,2018-02-27 01:30:23,4538,https://www.wikipedia.org/,www.wikipedia.org,https://explorer.ooni.io/measurement/20180227T001011Z_AS4538_UrWalWSBr3rona4TAQrdLoA5eT9iTH4R94AOE1IEBLCO3lV9eV?input=https%3A%2F%2Fwww.wikipedia.org%2F,1.0,0.0,0.0,0.0
32,2018-02-27 01:39:26,4538,http://en.wikipedia.org/wiki/Main_Page,en.wikipedia.org,https://explorer.ooni.io/measurement/20180227T013716Z_AS4538_97X2xMvQ9plezwXZV5yoGipUlnexVkcwONAKPlasNoHqnwQujt?input=http%3A%2F%2Fen.wikipedia.org%2Fwiki%2FMain_Page,1.0,0.0,0.0,0.0
33,2018-02-27 01:56:04,4538,http://zh.wikipedia.org/wiki/wikipedia:%e9%a6%96%e9%a1%b5,zh.wikipedia.org,https://explorer.ooni.io/measurement/20180227T013716Z_AS4538_97X2xMvQ9plezwXZV5yoGipUlnexVkcwONAKPlasNoHqnwQujt?input=http%3A%2F%2Fzh.wikipedia.org%2Fwiki%2Fwikipedia%3A%25e9%25a6%2596%25e9%25a1%25b5,1.0,0.0,0.0,0.0
34,2018-02-28 00:14:00,4538,https://en.wikipedia.org/wiki/the_holocaust,en.wikipedia.org,https://explorer.ooni.io/measurement/20180228T000958Z_AS4538_XjDqWgNNgzWoHlW0bET5kq7sb0qe2SRaaU40EAEaENbjn1AtpA?input=https%3A%2F%2Fen.wikipedia.org%2Fwiki%2Fthe_holocaust,1.0,0.0,0.0,0.0
35,2018-03-04 00:04:56,4538,https://en.wikipedia.org/wiki/the_holocaust,en.wikipedia.org,https://explorer.ooni.io/measurement/20180304T000107Z_AS4538_4sohajtIbijiRl2FPWgmoKNvcsFe448xVy82spMV0hbuaIlzsA?input=https%3A%2F%2Fen.wikipedia.org%2Fwiki%2Fthe_holocaust,1.0,0.0,0.0,0.0
36,2018-03-04 05:01:23,4538,https://www.wikipedia.org/,www.wikipedia.org,https://explorer.ooni.io/measurement/20180304T000107Z_AS4538_4sohajtIbijiRl2FPWgmoKNvcsFe448xVy82spMV0hbuaIlzsA?input=https%3A%2F%2Fwww.wikipedia.org%2F,1.0,0.0,0.0,0.0
37,2018-03-04 05:18:04,4538,http://en.wikipedia.org/wiki/Main_Page,en.wikipedia.org,https://explorer.ooni.io/measurement/20180304T050517Z_AS4538_0cTGlqx4KE9RmRU6GqlG8BFE4v3SF3fKURPmXT0OL1Ygs7tsiN?input=http%3A%2F%2Fen.wikipedia.org%2Fwiki%2FMain_Page,1.0,0.0,0.0,0.0
38,2018-03-04 05:38:01,4538,http://zh.wikipedia.org/wiki/wikipedia:%e9%a6%96%e9%a1%b5,zh.wikipedia.org,https://explorer.ooni.io/measurement/20180304T050517Z_AS4538_0cTGlqx4KE9RmRU6GqlG8BFE4v3SF3fKURPmXT0OL1Ygs7tsiN?input=http%3A%2F%2Fzh.wikipedia.org%2Fwiki%2Fwikipedia%3A%25e9%25a6%2596%25e9%25a1%25b5,1.0,0.0,0.0,0.0
39,2018-03-04 13:40:19,4134,https://en.wikipedia.org/wiki/the_holocaust,en.wikipedia.org,https://explorer.ooni.io/measurement/20180304T132428Z_AS4134_67jHJIkPoXwIKr9Nkoza4sCi2mrNaPhTnoHjtfNBm5QrN67nSP?input=https%3A%2F%2Fen.wikipedia.org%2Fwiki%2Fthe_holocaust,0.0,1.0,0.0,0.0
40,2018-03-14 08:06:15,4538,https://en.wikipedia.org/wiki/the_holocaust,en.wikipedia.org,https://explorer.ooni.io/measurement/20180314T080605Z_AS4538_LzbF0TKYzlTFUDBipONneEhCOJHcebyElqdwxzhI0bAtnZIlTo?input=https%3A%2F%2Fen.wikipedia.org%2Fwiki%2Fthe_holocaust,0.0,1.0,0.0,0.0
41,2018-03-24 19:06:26,4134,https://en.wikipedia.org/wiki/the_holocaust,en.wikipedia.org,https://explorer.ooni.io/measurement/20180324T190551Z_AS4134_ewExPK4SFsUgbTHm4zPScaogO0KuIdZgFkyMpufnBpZlJSO2bZ?input=https%3A%2F%2Fen.wikipedia.org%2Fwiki%2Fthe_holocaust,0.0,1.0,0.0,0.0
42,2018-03-29 13:52:23,0,https://en.wikipedia.org/wiki/the_holocaust,en.wikipedia.org,https://explorer.ooni.io/measurement/20180329T135208Z_AS0_3XY1iMdUX0OFp6d3p0fco9QCW9yCZJf2pIP8ieWy2FCPv8jYDj?input=https%3A%2F%2Fen.wikipedia.org%2Fwiki%2Fthe_holocaust,0.0,1.0,0.0,0.0
43,2018-04-01 17:41:48,4134,https://en.wikipedia.org/wiki/the_holocaust,en.wikipedia.org,https://explorer.ooni.io/measurement/20180401T174053Z_AS4134_trehEJjzZSZUFwbwDvgSS2xFql80A4x4s9SSaRc9MbOKU1MOI5?input=https%3A%2F%2Fen.wikipedia.org%2Fwiki%2Fthe_holocaust,0.0,1.0,0.0,0.0
44,2018-04-18 12:22:05,24139,https://en.wikipedia.org/wiki/the_holocaust,en.wikipedia.org,https://explorer.ooni.io/measurement/20180418T120859Z_AS24139_0rrweL3oOsxnbW0aZDC9eu8tLASGWbZR9MZa7IHlGwkwMXXZxp?input=https%3A%2F%2Fen.wikipedia.org%2Fwiki%2Fthe_holocaust,0.0,1.0,0.0,0.0
45,2018-04-18 19:07:59,24139,https://www.wikipedia.org/,www.wikipedia.org,https://explorer.ooni.io/measurement/20180418T173906Z_AS24139_SDGbQxoUNAxWe5sZ2falEVoDTRRSq6yrqRxnWyeqrV6r0VkRiT?input=https%3A%2F%2Fwww.wikipedia.org%2F,0.0,1.0,0.0,0.0
46,2018-04-18 21:12:04,24139,https://en.wikipedia.org/wiki/the_holocaust,en.wikipedia.org,https://explorer.ooni.io/measurement/20180418T173906Z_AS24139_SDGbQxoUNAxWe5sZ2falEVoDTRRSq6yrqRxnWyeqrV6r0VkRiT?input=https%3A%2F%2Fen.wikipedia.org%2Fwiki%2Fthe_holocaust,0.0,1.0,0.0,0.0
47,2018-04-19 19:11:57,24139,https://www.wikipedia.org/,www.wikipedia.org,https://explorer.ooni.io/measurement/20180419T163310Z_AS24139_jYZ3m1jYronBobaFS2lOK2g0g4GasY21IuZsrQHa3yq1fCRgrq?input=https%3A%2F%2Fwww.wikipedia.org%2F,0.0,1.0,0.0,0.0
48,2018-04-22 09:30:31,4134,https://en.wikipedia.org/wiki/the_holocaust,en.wikipedia.org,https://explorer.ooni.io/measurement/20180422T093015Z_AS4134_RQBzeh300qptZdmPMpIUvwFPZtp1QOjo6CaZ4f5VmPkp8TDdtn?input=https%3A%2F%2Fen.wikipedia.org%2Fwiki%2Fthe_holocaust,0.0,1.0,0.0,0.0
49,2018-04-26 02:15:06,4134,http://www.wikipedia.org/,www.wikipedia.org,https://explorer.ooni.io/measurement/20180426T021317Z_AS4134_UZOEb7EprzCMz46uaLD2DoVI9VwhhccAh63Pq6n1IS1GDyxcHe?input=http%3A%2F%2Fwww.wikipedia.org%2F,0.0,1.0,0.0,0.0
50,2018-04-26 02:15:06,4134,https://www.wikipedia.org/,www.wikipedia.org,https://explorer.ooni.io/measurement/20180426T021317Z_AS4134_UZOEb7EprzCMz46uaLD2DoVI9VwhhccAh63Pq6n1IS1GDyxcHe?input=https%3A%2F%2Fwww.wikipedia.org%2F,0.0,1.0,0.0,0.0
51,2018-04-26 02:32:57,4134,http://en.wikipedia.org/wiki/the_holocaust,en.wikipedia.org,https://explorer.ooni.io/measurement/20180426T021317Z_AS4134_UZOEb7EprzCMz46uaLD2DoVI9VwhhccAh63Pq6n1IS1GDyxcHe?input=http%3A%2F%2Fen.wikipedia.org%2Fwiki%2Fthe_holocaust,0.0,1.0,0.0,0.0
52,2018-04-26 02:33:04,4134,https://en.wikipedia.org/wiki/the_holocaust,en.wikipedia.org,https://explorer.ooni.io/measurement/20180426T021317Z_AS4134_UZOEb7EprzCMz46uaLD2DoVI9VwhhccAh63Pq6n1IS1GDyxcHe?input=https%3A%2F%2Fen.wikipedia.org%2Fwiki%2Fthe_holocaust,0.0,1.0,0.0,0.0
53,2018-04-26 03:52:52,4134,http://zh.wikipedia.org/wiki/wikipedia:%e9%a6%96%e9%a1%b5,zh.wikipedia.org,https://explorer.ooni.io/measurement/20180426T034027Z_AS4134_ty3GbsouJ9uBQTYgkurt6DptmCd1QUpdIH4mU0OB08ueJpGdHz?input=http%3A%2F%2Fzh.wikipedia.org%2Fwiki%2Fwikipedia%3A%25e9%25a6%2596%25e9%25a1%25b5,0.0,1.0,0.0,0.0
54,2018-04-26 03:54:00,4134,http://en.wikipedia.org/wiki/Main_Page,en.wikipedia.org,https://explorer.ooni.io/measurement/20180426T034027Z_AS4134_ty3GbsouJ9uBQTYgkurt6DptmCd1QUpdIH4mU0OB08ueJpGdHz?input=http%3A%2F%2Fen.wikipedia.org%2Fwiki%2FMain_Page,0.0,1.0,0.0,0.0
55,2018-04-27 02:22:32,4134,http://en.wikipedia.org/wiki/the_holocaust,en.wikipedia.org,https://explorer.ooni.io/measurement/20180427T013326Z_AS4134_J7RyW8kNAeMWWkxpDJIIGY953y9EugoxZJFzUxLVIOOnM9CXX4?input=http%3A%2F%2Fen.wikipedia.org%2Fwiki%2Fthe_holocaust,0.0,1.0,0.0,0.0
56,2018-04-27 02:22:36,4134,https://en.wikipedia.org/wiki/the_holocaust,en.wikipedia.org,https://explorer.ooni.io/measurement/20180427T013326Z_AS4134_J7RyW8kNAeMWWkxpDJIIGY953y9EugoxZJFzUxLVIOOnM9CXX4?input=https%3A%2F%2Fen.wikipedia.org%2Fwiki%2Fthe_holocaust,0.0,1.0,0.0,0.0
57,2018-04-27 02:25:21,4134,http://www.wikipedia.org/,www.wikipedia.org,https://explorer.ooni.io/measurement/20180427T013326Z_AS4134_J7RyW8kNAeMWWkxpDJIIGY953y9EugoxZJFzUxLVIOOnM9CXX4?input=http%3A%2F%2Fwww.wikipedia.org%2F,0.0,1.0,0.0,0.0
58,2018-04-27 02:25:26,4134,https://www.wikipedia.org/,www.wikipedia.org,https://explorer.ooni.io/measurement/20180427T013326Z_AS4134_J7RyW8kNAeMWWkxpDJIIGY953y9EugoxZJFzUxLVIOOnM9CXX4?input=https%3A%2F%2Fwww.wikipedia.org%2F,0.0,1.0,0.0,0.0
59,2018-04-28 02:31:46,4134,http://www.wikipedia.org/,www.wikipedia.org,https://explorer.ooni.io/measurement/20180428T015710Z_AS4134_y8IGYLdMTtWxP0NfvUvqznPDcL9AjaH84OX60G3QYO9wd0Lu1S?input=http%3A%2F%2Fwww.wikipedia.org%2F,0.0,1.0,0.0,0.0
60,2018-04-28 02:31:59,4134,https://www.wikipedia.org/,www.wikipedia.org,https://explorer.ooni.io/measurement/20180428T015710Z_AS4134_y8IGYLdMTtWxP0NfvUvqznPDcL9AjaH84OX60G3QYO9wd0Lu1S?input=https%3A%2F%2Fwww.wikipedia.org%2F,0.0,1.0,0.0,0.0
61,2018-04-28 02:55:57,4134,http://en.wikipedia.org/wiki/the_holocaust,en.wikipedia.org,https://explorer.ooni.io/measurement/20180428T015710Z_AS4134_y8IGYLdMTtWxP0NfvUvqznPDcL9AjaH84OX60G3QYO9wd0Lu1S?input=http%3A%2F%2Fen.wikipedia.org%2Fwiki%2Fthe_holocaust,0.0,1.0,0.0,0.0
62,2018-04-28 02:55:58,4134,https://en.wikipedia.org/wiki/the_holocaust,en.wikipedia.org,https://explorer.ooni.io/measurement/20180428T015710Z_AS4134_y8IGYLdMTtWxP0NfvUvqznPDcL9AjaH84OX60G3QYO9wd0Lu1S?input=https%3A%2F%2Fen.wikipedia.org%2Fwiki%2Fthe_holocaust,0.0,1.0,0.0,0.0
63,2018-04-28 03:29:19,4134,http://zh.wikipedia.org/wiki/wikipedia:%e9%a6%96%e9%a1%b5,zh.wikipedia.org,https://explorer.ooni.io/measurement/20180428T032757Z_AS4134_1d54KOxzNVScA9TBZNj0DUH5OKszKzNTOKjimQzNckvcmhuK6S?input=http%3A%2F%2Fzh.wikipedia.org%2Fwiki%2Fwikipedia%3A%25e9%25a6%2596%25e9%25a1%25b5,0.0,1.0,0.0,0.0
64,2018-04-28 03:33:19,4134,http://en.wikipedia.org/wiki/Main_Page,en.wikipedia.org,https://explorer.ooni.io/measurement/20180428T032757Z_AS4134_1d54KOxzNVScA9TBZNj0DUH5OKszKzNTOKjimQzNckvcmhuK6S?input=http%3A%2F%2Fen.wikipedia.org%2Fwiki%2FMain_Page,0.0,1.0,0.0,0.0
65,2018-04-29 03:36:20,4134,http://www.wikipedia.org/,www.wikipedia.org,https://explorer.ooni.io/measurement/20180429T020842Z_AS4134_XRkHvR3FyEdNa0hikKXOWMZ0qvzCnSMaww4mENILuhSvr2utzD?input=http%3A%2F%2Fwww.wikipedia.org%2F,0.0,1.0,0.0,0.0
66,2018-04-29 03:36:20,4134,https://www.wikipedia.org/,www.wikipedia.org,https://explorer.ooni.io/measurement/20180429T020842Z_AS4134_XRkHvR3FyEdNa0hikKXOWMZ0qvzCnSMaww4mENILuhSvr2utzD?input=https%3A%2F%2Fwww.wikipedia.org%2F,0.0,1.0,0.0,0.0
67,2018-04-29 04:18:03,4134,http://en.wikipedia.org/wiki/the_holocaust,en.wikipedia.org,https://explorer.ooni.io/measurement/20180429T020842Z_AS4134_XRkHvR3FyEdNa0hikKXOWMZ0qvzCnSMaww4mENILuhSvr2utzD?input=http%3A%2F%2Fen.wikipedia.org%2Fwiki%2Fthe_holocaust,0.0,1.0,0.0,0.0
68,2018-04-29 04:18:04,4134,https://en.wikipedia.org/wiki/the_holocaust,en.wikipedia.org,https://explorer.ooni.io/measurement/20180429T020842Z_AS4134_XRkHvR3FyEdNa0hikKXOWMZ0qvzCnSMaww4mENILuhSvr2utzD?input=https%3A%2F%2Fen.wikipedia.org%2Fwiki%2Fthe_holocaust,0.0,1.0,0.0,0.0
69,2018-04-29 05:51:18,4134,http://zh.wikipedia.org/wiki/wikipedia:%e9%a6%96%e9%a1%b5,zh.wikipedia.org,https://explorer.ooni.io/measurement/20180429T055039Z_AS4134_DsK2wPgDi1IIr31EzWlpbxsIYbulwX0HBgd0P38G8OZnq7aBkr?input=http%3A%2F%2Fzh.wikipedia.org%2Fwiki%2Fwikipedia%3A%25e9%25a6%2596%25e9%25a1%25b5,0.0,1.0,0.0,0.0
70,2018-04-29 05:56:12,4134,http://en.wikipedia.org/wiki/Main_Page,en.wikipedia.org,https://explorer.ooni.io/measurement/20180429T055039Z_AS4134_DsK2wPgDi1IIr31EzWlpbxsIYbulwX0HBgd0P38G8OZnq7aBkr?input=http%3A%2F%2Fen.wikipedia.org%2Fwiki%2FMain_Page,0.0,1.0,0.0,0.0
71,2018-04-30 02:49:24,4134,http://en.wikipedia.org/wiki/the_holocaust,en.wikipedia.org,https://explorer.ooni.io/measurement/20180430T024658Z_AS4134_z169zPBxmpcOBiFaGJlpTirTSMiCwkzT7rk6ZNRJcSGTL5DLRs?input=http%3A%2F%2Fen.wikipedia.org%2Fwiki%2Fthe_holocaust,0.0,1.0,0.0,0.0
72,2018-04-30 02:49:25,4134,https://en.wikipedia.org/wiki/the_holocaust,en.wikipedia.org,https://explorer.ooni.io/measurement/20180430T024658Z_AS4134_z169zPBxmpcOBiFaGJlpTirTSMiCwkzT7rk6ZNRJcSGTL5DLRs?input=https%3A%2F%2Fen.wikipedia.org%2Fwiki%2Fthe_holocaust,0.0,1.0,0.0,0.0
73,2018-04-30 03:11:59,4134,http://www.wikipedia.org/,www.wikipedia.org,https://explorer.ooni.io/measurement/20180430T024658Z_AS4134_z169zPBxmpcOBiFaGJlpTirTSMiCwkzT7rk6ZNRJcSGTL5DLRs?input=http%3A%2F%2Fwww.wikipedia.org%2F,0.0,1.0,0.0,0.0
74,2018-04-30 03:12:03,4134,https://www.wikipedia.org/,www.wikipedia.org,https://explorer.ooni.io/measurement/20180430T024658Z_AS4134_z169zPBxmpcOBiFaGJlpTirTSMiCwkzT7rk6ZNRJcSGTL5DLRs?input=https%3A%2F%2Fwww.wikipedia.org%2F,0.0,1.0,0.0,0.0
75,2018-04-30 04:22:08,4134,http://zh.wikipedia.org/wiki/wikipedia:%e9%a6%96%e9%a1%b5,zh.wikipedia.org,https://explorer.ooni.io/measurement/20180430T041012Z_AS4134_yEnT5jJ1WYTQLdCDowc6HAIzJwza9gq6O5V0gxXNlrnY7dElr3?input=http%3A%2F%2Fzh.wikipedia.org%2Fwiki%2Fwikipedia%3A%25e9%25a6%2596%25e9%25a1%25b5,0.0,1.0,0.0,0.0
76,2018-04-30 04:23:50,4134,http://en.wikipedia.org/wiki/Main_Page,en.wikipedia.org,https://explorer.ooni.io/measurement/20180430T041012Z_AS4134_yEnT5jJ1WYTQLdCDowc6HAIzJwza9gq6O5V0gxXNlrnY7dElr3?input=http%3A%2F%2Fen.wikipedia.org%2Fwiki%2FMain_Page,0.0,1.0,0.0,0.0
77,2018-05-01 02:13:16,4134,http://en.wikipedia.org/wiki/the_holocaust,en.wikipedia.org,https://explorer.ooni.io/measurement/20180501T014311Z_AS4134_UWygX8AxhlCYWcdpOAHozQLIzFEimrLA59pPwFffj5mym2S5Ej?input=http%3A%2F%2Fen.wikipedia.org%2Fwiki%2Fthe_holocaust,0.0,1.0,0.0,0.0
78,2018-05-01 02:13:23,4134,https://en.wikipedia.org/wiki/the_holocaust,en.wikipedia.org,https://explorer.ooni.io/measurement/20180501T014311Z_AS4134_UWygX8AxhlCYWcdpOAHozQLIzFEimrLA59pPwFffj5mym2S5Ej?input=https%3A%2F%2Fen.wikipedia.org%2Fwiki%2Fthe_holocaust,0.0,1.0,0.0,0.0
79,2018-05-01 02:30:20,4134,http://www.wikipedia.org/,www.wikipedia.org,https://explorer.ooni.io/measurement/20180501T014311Z_AS4134_UWygX8AxhlCYWcdpOAHozQLIzFEimrLA59pPwFffj5mym2S5Ej?input=http%3A%2F%2Fwww.wikipedia.org%2F,0.0,1.0,0.0,0.0
80,2018-05-01 02:30:20,4134,https://www.wikipedia.org/,www.wikipedia.org,https://explorer.ooni.io/measurement/20180501T014311Z_AS4134_UWygX8AxhlCYWcdpOAHozQLIzFEimrLA59pPwFffj5mym2S5Ej?input=https%3A%2F%2Fwww.wikipedia.org%2F,0.0,1.0,0.0,0.0
81,2018-05-02 02:22:03,4134,http://en.wikipedia.org/wiki/the_holocaust,en.wikipedia.org,https://explorer.ooni.io/measurement/20180502T015314Z_AS4134_ssGNniOso1TcDkuRqqJvQ3x7Q1PvkoKNCWitu7sbGvUROKFhFz?input=http%3A%2F%2Fen.wikipedia.org%2Fwiki%2Fthe_holocaust,0.0,1.0,0.0,0.0
82,2018-05-02 02:22:03,4134,https://en.wikipedia.org/wiki/the_holocaust,en.wikipedia.org,https://explorer.ooni.io/measurement/20180502T015314Z_AS4134_ssGNniOso1TcDkuRqqJvQ3x7Q1PvkoKNCWitu7sbGvUROKFhFz?input=https%3A%2F%2Fen.wikipedia.org%2Fwiki%2Fthe_holocaust,0.0,1.0,0.0,0.0
83,2018-05-02 02:33:14,4134,http://www.wikipedia.org/,www.wikipedia.org,https://explorer.ooni.io/measurement/20180502T015314Z_AS4134_ssGNniOso1TcDkuRqqJvQ3x7Q1PvkoKNCWitu7sbGvUROKFhFz?input=http%3A%2F%2Fwww.wikipedia.org%2F,0.0,1.0,0.0,0.0
84,2018-05-02 02:33:15,4134,https://www.wikipedia.org/,www.wikipedia.org,https://explorer.ooni.io/measurement/20180502T015314Z_AS4134_ssGNniOso1TcDkuRqqJvQ3x7Q1PvkoKNCWitu7sbGvUROKFhFz?input=https%3A%2F%2Fwww.wikipedia.org%2F,0.0,1.0,0.0,0.0
85,2018-05-03 01:47:40,4134,http://www.wikipedia.org/,www.wikipedia.org,https://explorer.ooni.io/measurement/20180503T013925Z_AS4134_7DsZInm8QmHfmWeee9isVcO2nbNTGUEMx0EhujrrKU6aPZXczf?input=http%3A%2F%2Fwww.wikipedia.org%2F,0.0,1.0,0.0,0.0
86,2018-05-03 01:47:41,4134,https://www.wikipedia.org/,www.wikipedia.org,https://explorer.ooni.io/measurement/20180503T013925Z_AS4134_7DsZInm8QmHfmWeee9isVcO2nbNTGUEMx0EhujrrKU6aPZXczf?input=https%3A%2F%2Fwww.wikipedia.org%2F,0.0,1.0,0.0,0.0
87,2018-05-03 02:29:51,4134,http://en.wikipedia.org/wiki/the_holocaust,en.wikipedia.org,https://explorer.ooni.io/measurement/20180503T013925Z_AS4134_7DsZInm8QmHfmWeee9isVcO2nbNTGUEMx0EhujrrKU6aPZXczf?input=http%3A%2F%2Fen.wikipedia.org%2Fwiki%2Fthe_holocaust,0.0,1.0,0.0,0.0
88,2018-05-03 02:29:51,4134,https://en.wikipedia.org/wiki/the_holocaust,en.wikipedia.org,https://explorer.ooni.io/measurement/20180503T013925Z_AS4134_7DsZInm8QmHfmWeee9isVcO2nbNTGUEMx0EhujrrKU6aPZXczf?input=https%3A%2F%2Fen.wikipedia.org%2Fwiki%2Fthe_holocaust,0.0,1.0,0.0,0.0
89,2018-05-03 04:57:39,4837,http://www.wikipedia.org/,www.wikipedia.org,https://explorer.ooni.io/measurement/20180503T040454Z_AS4837_j2kcAkYHRkOZB388dXe6K47A6dVYSFnkzsA10vlMvs2vJb7f7C?input=http%3A%2F%2Fwww.wikipedia.org%2F,0.0,1.0,0.0,0.0
90,2018-05-03 04:57:41,4837,https://www.wikipedia.org/,www.wikipedia.org,https://explorer.ooni.io/measurement/20180503T040454Z_AS4837_j2kcAkYHRkOZB388dXe6K47A6dVYSFnkzsA10vlMvs2vJb7f7C?input=https%3A%2F%2Fwww.wikipedia.org%2F,0.0,1.0,0.0,0.0
91,2018-05-03 05:32:14,4837,http://en.wikipedia.org/wiki/the_holocaust,en.wikipedia.org,https://explorer.ooni.io/measurement/20180503T040454Z_AS4837_j2kcAkYHRkOZB388dXe6K47A6dVYSFnkzsA10vlMvs2vJb7f7C?input=http%3A%2F%2Fen.wikipedia.org%2Fwiki%2Fthe_holocaust,0.0,1.0,0.0,0.0
92,2018-05-03 05:32:29,4837,https://en.wikipedia.org/wiki/the_holocaust,en.wikipedia.org,https://explorer.ooni.io/measurement/20180503T040454Z_AS4837_j2kcAkYHRkOZB388dXe6K47A6dVYSFnkzsA10vlMvs2vJb7f7C?input=https%3A%2F%2Fen.wikipedia.org%2Fwiki%2Fthe_holocaust,0.0,1.0,0.0,0.0
93,2018-05-03 07:17:07,4837,http://en.wikipedia.org/wiki/Main_Page,en.wikipedia.org,https://explorer.ooni.io/measurement/20180503T064323Z_AS4837_wHrByqwD8lVz5pvyceZ7LGWcjz3pLlVx8RPr0xLZDiElLAL81s?input=http%3A%2F%2Fen.wikipedia.org%2Fwiki%2FMain_Page,0.0,1.0,0.0,0.0
94,2018-05-03 07:31:39,4837,http://zh.wikipedia.org/wiki/wikipedia:%e9%a6%96%e9%a1%b5,zh.wikipedia.org,https://explorer.ooni.io/measurement/20180503T064323Z_AS4837_wHrByqwD8lVz5pvyceZ7LGWcjz3pLlVx8RPr0xLZDiElLAL81s?input=http%3A%2F%2Fzh.wikipedia.org%2Fwiki%2Fwikipedia%3A%25e9%25a6%2596%25e9%25a1%25b5,1.0,0.0,0.0,0.0
95,2018-05-04 02:39:43,4134,http://en.wikipedia.org/wiki/the_holocaust,en.wikipedia.org,https://explorer.ooni.io/measurement/20180504T015911Z_AS4134_9pw6eSF1ZwfVrM05sTHJnZsFmgzMfWQsoBT1ANB57REQ83osry?input=http%3A%2F%2Fen.wikipedia.org%2Fwiki%2Fthe_holocaust,0.0,1.0,0.0,0.0
96,2018-05-04 02:39:46,4134,https://en.wikipedia.org/wiki/the_holocaust,en.wikipedia.org,https://explorer.ooni.io/measurement/20180504T015911Z_AS4134_9pw6eSF1ZwfVrM05sTHJnZsFmgzMfWQsoBT1ANB57REQ83osry?input=https%3A%2F%2Fen.wikipedia.org%2Fwiki%2Fthe_holocaust,0.0,1.0,0.0,0.0
97,2018-05-04 03:00:55,4134,http://www.wikipedia.org/,www.wikipedia.org,https://explorer.ooni.io/measurement/20180504T015911Z_AS4134_9pw6eSF1ZwfVrM05sTHJnZsFmgzMfWQsoBT1ANB57REQ83osry?input=http%3A%2F%2Fwww.wikipedia.org%2F,0.0,1.0,0.0,0.0
98,2018-05-04 03:00:55,4134,https://www.wikipedia.org/,www.wikipedia.org,https://explorer.ooni.io/measurement/20180504T015911Z_AS4134_9pw6eSF1ZwfVrM05sTHJnZsFmgzMfWQsoBT1ANB57REQ83osry?input=https%3A%2F%2Fwww.wikipedia.org%2F,0.0,1.0,0.0,0.0
99,2018-05-04 03:23:40,4837,http://en.wikipedia.org/wiki/the_holocaust,en.wikipedia.org,https://explorer.ooni.io/measurement/20180504T022946Z_AS4837_iWjK4OzWll23S0nooHSfZU5XKIfpfxqAratPtwN7kLjAV5nCz9?input=http%3A%2F%2Fen.wikipedia.org%2Fwiki%2Fthe_holocaust,0.0,1.0,0.0,0.0
100,2018-05-04 03:23:42,4837,https://en.wikipedia.org/wiki/the_holocaust,en.wikipedia.org,https://explorer.ooni.io/measurement/20180504T022946Z_AS4837_iWjK4OzWll23S0nooHSfZU5XKIfpfxqAratPtwN7kLjAV5nCz9?input=https%3A%2F%2Fen.wikipedia.org%2Fwiki%2Fthe_holocaust,0.0,1.0,0.0,0.0
101,2018-05-04 03:51:26,4837,http://www.wikipedia.org/,www.wikipedia.org,https://explorer.ooni.io/measurement/20180504T022946Z_AS4837_iWjK4OzWll23S0nooHSfZU5XKIfpfxqAratPtwN7kLjAV5nCz9?input=http%3A%2F%2Fwww.wikipedia.org%2F,0.0,1.0,0.0,0.0
102,2018-05-04 03:51:30,4837,https://www.wikipedia.org/,www.wikipedia.org,https://explorer.ooni.io/measurement/20180504T022946Z_AS4837_iWjK4OzWll23S0nooHSfZU5XKIfpfxqAratPtwN7kLjAV5nCz9?input=https%3A%2F%2Fwww.wikipedia.org%2F,0.0,1.0,0.0,0.0
103,2018-05-04 04:27:38,4837,http://zh.wikipedia.org/wiki/wikipedia:%e9%a6%96%e9%a1%b5,zh.wikipedia.org,https://explorer.ooni.io/measurement/20180504T041448Z_AS4837_KI4olSJ3qKjHknQo8NOJrjAGRIgdmDygsmWJEaIyFj4vFHZv0A?input=http%3A%2F%2Fzh.wikipedia.org%2Fwiki%2Fwikipedia%3A%25e9%25a6%2596%25e9%25a1%25b5,1.0,0.0,0.0,0.0
104,2018-05-04 04:33:48,4837,http://en.wikipedia.org/wiki/Main_Page,en.wikipedia.org,https://explorer.ooni.io/measurement/20180504T041448Z_AS4837_KI4olSJ3qKjHknQo8NOJrjAGRIgdmDygsmWJEaIyFj4vFHZv0A?input=http%3A%2F%2Fen.wikipedia.org%2Fwiki%2FMain_Page,0.0,1.0,0.0,0.0
105,2018-05-05 02:24:56,4134,http://www.wikipedia.org/,www.wikipedia.org,https://explorer.ooni.io/measurement/20180505T021436Z_AS4134_oJJxCq6Xp4bG5tfpypuRknXfXHuFrWdXzYs3QXvtAY75SEWgFU?input=http%3A%2F%2Fwww.wikipedia.org%2F,0.0,1.0,0.0,0.0
106,2018-05-05 02:24:59,4134,https://www.wikipedia.org/,www.wikipedia.org,https://explorer.ooni.io/measurement/20180505T021436Z_AS4134_oJJxCq6Xp4bG5tfpypuRknXfXHuFrWdXzYs3QXvtAY75SEWgFU?input=https%3A%2F%2Fwww.wikipedia.org%2F,0.0,1.0,0.0,0.0
107,2018-05-05 03:41:31,4134,http://en.wikipedia.org/wiki/the_holocaust,en.wikipedia.org,https://explorer.ooni.io/measurement/20180505T021436Z_AS4134_oJJxCq6Xp4bG5tfpypuRknXfXHuFrWdXzYs3QXvtAY75SEWgFU?input=http%3A%2F%2Fen.wikipedia.org%2Fwiki%2Fthe_holocaust,0.0,1.0,0.0,0.0
108,2018-05-05 03:41:33,4134,https://en.wikipedia.org/wiki/the_holocaust,en.wikipedia.org,https://explorer.ooni.io/measurement/20180505T021436Z_AS4134_oJJxCq6Xp4bG5tfpypuRknXfXHuFrWdXzYs3QXvtAY75SEWgFU?input=https%3A%2F%2Fen.wikipedia.org%2Fwiki%2Fthe_holocaust,0.0,1.0,0.0,0.0
109,2018-05-05 03:50:36,4134,http://en.wikipedia.org/wiki/Main_Page,en.wikipedia.org,https://explorer.ooni.io/measurement/20180505T034557Z_AS4134_ujIqfmPjuwydgHrcfOPOpJqowaiXgdLkrbGSWdBqY7fzF7iEbQ?input=http%3A%2F%2Fen.wikipedia.org%2Fwiki%2FMain_Page,0.0,1.0,0.0,0.0
110,2018-05-05 03:52:43,4134,http://zh.wikipedia.org/wiki/wikipedia:%e9%a6%96%e9%a1%b5,zh.wikipedia.org,https://explorer.ooni.io/measurement/20180505T034557Z_AS4134_ujIqfmPjuwydgHrcfOPOpJqowaiXgdLkrbGSWdBqY7fzF7iEbQ?input=http%3A%2F%2Fzh.wikipedia.org%2Fwiki%2Fwikipedia%3A%25e9%25a6%2596%25e9%25a1%25b5,0.0,1.0,0.0,0.0
111,2018-05-05 05:40:21,4837,http://en.wikipedia.org/wiki/the_holocaust,en.wikipedia.org,https://explorer.ooni.io/measurement/20180505T043748Z_AS4837_MaoZj68SFTEBqC6ohNGPC9OBuEut08Kehf5xKsNiv7nXs5479w?input=http%3A%2F%2Fen.wikipedia.org%2Fwiki%2Fthe_holocaust,0.0,1.0,0.0,0.0
112,2018-05-05 05:40:27,4837,https://en.wikipedia.org/wiki/the_holocaust,en.wikipedia.org,https://explorer.ooni.io/measurement/20180505T043748Z_AS4837_MaoZj68SFTEBqC6ohNGPC9OBuEut08Kehf5xKsNiv7nXs5479w?input=https%3A%2F%2Fen.wikipedia.org%2Fwiki%2Fthe_holocaust,0.0,1.0,0.0,0.0
113,2018-05-05 06:23:48,4837,http://www.wikipedia.org/,www.wikipedia.org,https://explorer.ooni.io/measurement/20180505T043748Z_AS4837_MaoZj68SFTEBqC6ohNGPC9OBuEut08Kehf5xKsNiv7nXs5479w?input=http%3A%2F%2Fwww.wikipedia.org%2F,0.0,1.0,0.0,0.0
114,2018-05-05 06:23:51,4837,https://www.wikipedia.org/,www.wikipedia.org,https://explorer.ooni.io/measurement/20180505T043748Z_AS4837_MaoZj68SFTEBqC6ohNGPC9OBuEut08Kehf5xKsNiv7nXs5479w?input=https%3A%2F%2Fwww.wikipedia.org%2F,0.0,1.0,0.0,0.0
115,2018-05-05 11:54:06,4837,http://zh.wikipedia.org/wiki/wikipedia:%e9%a6%96%e9%a1%b5,zh.wikipedia.org,https://explorer.ooni.io/measurement/20180505T130708Z_AS4837_gYeMmeWaRtEgBU4wxI4fmySdcoyL5Rc0imKhYYuoOH8JZtLRHj?input=http%3A%2F%2Fzh.wikipedia.org%2Fwiki%2Fwikipedia%3A%25e9%25a6%2596%25e9%25a1%25b5,0.0,0.0,1.0,0.0
116,2018-05-05 11:54:44,4837,http://en.wikipedia.org/wiki/Main_Page,en.wikipedia.org,https://explorer.ooni.io/measurement/20180505T130708Z_AS4837_gYeMmeWaRtEgBU4wxI4fmySdcoyL5Rc0imKhYYuoOH8JZtLRHj?input=http%3A%2F%2Fen.wikipedia.org%2Fwiki%2FMain_Page,0.0,1.0,0.0,0.0
117,2018-05-06 02:25:37,4134,http://www.wikipedia.org/,www.wikipedia.org,https://explorer.ooni.io/measurement/20180506T014010Z_AS4134_ZpxhAVt3iqCjT5bW5CfJspbqUcfO4oZfzDVjCWAu2UuVkibFsv?input=http%3A%2F%2Fwww.wikipedia.org%2F,0.0,1.0,0.0,0.0
118,2018-05-06 02:25:41,4134,https://www.wikipedia.org/,www.wikipedia.org,https://explorer.ooni.io/measurement/20180506T014010Z_AS4134_ZpxhAVt3iqCjT5bW5CfJspbqUcfO4oZfzDVjCWAu2UuVkibFsv?input=https%3A%2F%2Fwww.wikipedia.org%2F,0.0,1.0,0.0,0.0
119,2018-05-06 02:42:20,4134,http://en.wikipedia.org/wiki/the_holocaust,en.wikipedia.org,https://explorer.ooni.io/measurement/20180506T014010Z_AS4134_ZpxhAVt3iqCjT5bW5CfJspbqUcfO4oZfzDVjCWAu2UuVkibFsv?input=http%3A%2F%2Fen.wikipedia.org%2Fwiki%2Fthe_holocaust,0.0,1.0,0.0,0.0
120,2018-05-06 02:42:24,4134,https://en.wikipedia.org/wiki/the_holocaust,en.wikipedia.org,https://explorer.ooni.io/measurement/20180506T014010Z_AS4134_ZpxhAVt3iqCjT5bW5CfJspbqUcfO4oZfzDVjCWAu2UuVkibFsv?input=https%3A%2F%2Fen.wikipedia.org%2Fwiki%2Fthe_holocaust,0.0,1.0,0.0,0.0
121,2018-05-07 02:20:03,4134,http://www.wikipedia.org/,www.wikipedia.org,https://explorer.ooni.io/measurement/20180507T015445Z_AS4134_PWxG2VBrQTqru6QKKJSpN3nxS0Py8vT2pJBQevAMeXmkhgIyWy?input=http%3A%2F%2Fwww.wikipedia.org%2F,0.0,1.0,0.0,0.0
122,2018-05-07 02:20:07,4134,https://www.wikipedia.org/,www.wikipedia.org,https://explorer.ooni.io/measurement/20180507T015445Z_AS4134_PWxG2VBrQTqru6QKKJSpN3nxS0Py8vT2pJBQevAMeXmkhgIyWy?input=https%3A%2F%2Fwww.wikipedia.org%2F,0.0,1.0,0.0,0.0
123,2018-05-07 02:48:03,4134,http://en.wikipedia.org/wiki/the_holocaust,en.wikipedia.org,https://explorer.ooni.io/measurement/20180507T015445Z_AS4134_PWxG2VBrQTqru6QKKJSpN3nxS0Py8vT2pJBQevAMeXmkhgIyWy?input=http%3A%2F%2Fen.wikipedia.org%2Fwiki%2Fthe_holocaust,0.0,1.0,0.0,0.0
124,2018-05-07 02:48:04,4134,https://en.wikipedia.org/wiki/the_holocaust,en.wikipedia.org,https://explorer.ooni.io/measurement/20180507T015445Z_AS4134_PWxG2VBrQTqru6QKKJSpN3nxS0Py8vT2pJBQevAMeXmkhgIyWy?input=https%3A%2F%2Fen.wikipedia.org%2Fwiki%2Fthe_holocaust,0.0,1.0,0.0,0.0
125,2018-05-07 03:10:53,4134,http://en.wikipedia.org/wiki/Main_Page,en.wikipedia.org,https://explorer.ooni.io/measurement/20180507T030802Z_AS4134_xU86gv7X4bGayCBX5D28IFtixUl1t7DLts7UWzkJ01WBr0IpHZ?input=http%3A%2F%2Fen.wikipedia.org%2Fwiki%2FMain_Page,0.0,1.0,0.0,0.0
126,2018-05-07 03:13:45,4134,http://zh.wikipedia.org/wiki/wikipedia:%e9%a6%96%e9%a1%b5,zh.wikipedia.org,https://explorer.ooni.io/measurement/20180507T030802Z_AS4134_xU86gv7X4bGayCBX5D28IFtixUl1t7DLts7UWzkJ01WBr0IpHZ?input=http%3A%2F%2Fzh.wikipedia.org%2Fwiki%2Fwikipedia%3A%25e9%25a6%2596%25e9%25a1%25b5,0.0,1.0,0.0,0.0
127,2018-05-08 02:15:44,4134,http://www.wikipedia.org/,www.wikipedia.org,https://explorer.ooni.io/measurement/20180508T014223Z_AS4134_Z2tIUXUNbvM59K5lOenjBBW2mofV2kuhicToJxIDQbDOF9oAz5?input=http%3A%2F%2Fwww.wikipedia.org%2F,0.0,1.0,0.0,0.0
128,2018-05-08 02:15:45,4134,https://www.wikipedia.org/,www.wikipedia.org,https://explorer.ooni.io/measurement/20180508T014223Z_AS4134_Z2tIUXUNbvM59K5lOenjBBW2mofV2kuhicToJxIDQbDOF9oAz5?input=https%3A%2F%2Fwww.wikipedia.org%2F,0.0,1.0,0.0,0.0
129,2018-05-08 02:34:36,4134,http://en.wikipedia.org/wiki/the_holocaust,en.wikipedia.org,https://explorer.ooni.io/measurement/20180508T014223Z_AS4134_Z2tIUXUNbvM59K5lOenjBBW2mofV2kuhicToJxIDQbDOF9oAz5?input=http%3A%2F%2Fen.wikipedia.org%2Fwiki%2Fthe_holocaust,0.0,1.0,0.0,0.0
130,2018-05-08 02:34:38,4134,https://en.wikipedia.org/wiki/the_holocaust,en.wikipedia.org,https://explorer.ooni.io/measurement/20180508T014223Z_AS4134_Z2tIUXUNbvM59K5lOenjBBW2mofV2kuhicToJxIDQbDOF9oAz5?input=https%3A%2F%2Fen.wikipedia.org%2Fwiki%2Fthe_holocaust,0.0,1.0,0.0,0.0
131,2018-05-08 12:56:33,4134,https://www.wikipedia.org/,www.wikipedia.org,https://explorer.ooni.io/measurement/20180508T125627Z_AS4134_CYBLestUS7ChOzGT22YpMihB6lzjxb4RNOQRpoyVX0AUQ13lLD?input=https%3A%2F%2Fwww.wikipedia.org%2F,0.0,1.0,0.0,0.0
132,2018-05-09 02:17:44,4134,http://en.wikipedia.org/wiki/the_holocaust,en.wikipedia.org,https://explorer.ooni.io/measurement/20180509T015624Z_AS4134_RYTD212NM0uAUpcj82F8mgfDCJX0HIz7a0s9gRDYbilCIAjodq?input=http%3A%2F%2Fen.wikipedia.org%2Fwiki%2Fthe_holocaust,0.0,1.0,0.0,0.0
133,2018-05-09 02:17:46,4134,https://en.wikipedia.org/wiki/the_holocaust,en.wikipedia.org,https://explorer.ooni.io/measurement/20180509T015624Z_AS4134_RYTD212NM0uAUpcj82F8mgfDCJX0HIz7a0s9gRDYbilCIAjodq?input=https%3A%2F%2Fen.wikipedia.org%2Fwiki%2Fthe_holocaust,0.0,1.0,0.0,0.0
134,2018-05-09 03:08:20,4134,http://www.wikipedia.org/,www.wikipedia.org,https://explorer.ooni.io/measurement/20180509T015624Z_AS4134_RYTD212NM0uAUpcj82F8mgfDCJX0HIz7a0s9gRDYbilCIAjodq?input=http%3A%2F%2Fwww.wikipedia.org%2F,0.0,1.0,0.0,0.0
135,2018-05-09 03:08:21,4134,https://www.wikipedia.org/,www.wikipedia.org,https://explorer.ooni.io/measurement/20180509T015624Z_AS4134_RYTD212NM0uAUpcj82F8mgfDCJX0HIz7a0s9gRDYbilCIAjodq?input=https%3A%2F%2Fwww.wikipedia.org%2F,0.0,1.0,0.0,0.0
136,2018-05-09 03:19:53,4134,http://en.wikipedia.org/wiki/Main_Page,en.wikipedia.org,https://explorer.ooni.io/measurement/20180509T031104Z_AS4134_5IVuy3GI5G740GcVtXHgU3c2LKRmdjzGJoCXAxmNV65FR9ruzG?input=http%3A%2F%2Fen.wikipedia.org%2Fwiki%2FMain_Page,0.0,1.0,0.0,0.0
137,2018-05-09 03:25:27,4134,http://zh.wikipedia.org/wiki/wikipedia:%e9%a6%96%e9%a1%b5,zh.wikipedia.org,https://explorer.ooni.io/measurement/20180509T031104Z_AS4134_5IVuy3GI5G740GcVtXHgU3c2LKRmdjzGJoCXAxmNV65FR9ruzG?input=http%3A%2F%2Fzh.wikipedia.org%2Fwiki%2Fwikipedia%3A%25e9%25a6%2596%25e9%25a1%25b5,0.0,1.0,0.0,0.0
138,2018-05-10 02:03:35,4134,http://www.wikipedia.org/,www.wikipedia.org,https://explorer.ooni.io/measurement/20180510T015056Z_AS4134_eeNfnY4v0v9wiQBFBN7OVtMBZEf8UHRhaH6JHtW5rstKgDPLIP?input=http%3A%2F%2Fwww.wikipedia.org%2F,0.0,1.0,0.0,0.0
139,2018-05-10 02:03:37,4134,https://www.wikipedia.org/,www.wikipedia.org,https://explorer.ooni.io/measurement/20180510T015056Z_AS4134_eeNfnY4v0v9wiQBFBN7OVtMBZEf8UHRhaH6JHtW5rstKgDPLIP?input=https%3A%2F%2Fwww.wikipedia.org%2F,0.0,1.0,0.0,0.0
140,2018-05-10 02:31:32,4134,http://en.wikipedia.org/wiki/the_holocaust,en.wikipedia.org,https://explorer.ooni.io/measurement/20180510T015056Z_AS4134_eeNfnY4v0v9wiQBFBN7OVtMBZEf8UHRhaH6JHtW5rstKgDPLIP?input=http%3A%2F%2Fen.wikipedia.org%2Fwiki%2Fthe_holocaust,0.0,1.0,0.0,0.0
141,2018-05-10 02:31:38,4134,https://en.wikipedia.org/wiki/the_holocaust,en.wikipedia.org,https://explorer.ooni.io/measurement/20180510T015056Z_AS4134_eeNfnY4v0v9wiQBFBN7OVtMBZEf8UHRhaH6JHtW5rstKgDPLIP?input=https%3A%2F%2Fen.wikipedia.org%2Fwiki%2Fthe_holocaust,0.0,1.0,0.0,0.0
142,2018-05-10 03:01:13,4134,http://en.wikipedia.org/wiki/Main_Page,en.wikipedia.org,https://explorer.ooni.io/measurement/20180510T030002Z_AS4134_ZL108BmREGGAPPXVHnurr2O7iLnG7kVAyghfQRNJUPBRaR2hXo?input=http%3A%2F%2Fen.wikipedia.org%2Fwiki%2FMain_Page,0.0,1.0,0.0,0.0
143,2018-05-10 03:05:35,4134,http://zh.wikipedia.org/wiki/wikipedia:%e9%a6%96%e9%a1%b5,zh.wikipedia.org,https://explorer.ooni.io/measurement/20180510T030002Z_AS4134_ZL108BmREGGAPPXVHnurr2O7iLnG7kVAyghfQRNJUPBRaR2hXo?input=http%3A%2F%2Fzh.wikipedia.org%2Fwiki%2Fwikipedia%3A%25e9%25a6%2596%25e9%25a1%25b5,0.0,1.0,0.0,0.0
144,2018-05-12 00:29:30,4812,https://www.wikipedia.org/,www.wikipedia.org,https://explorer.ooni.io/measurement/20180512T010222Z_AS4812_9kUz0rMxLnmcTRXp5ll5hd0A2D7aIofxr3JlV58TiApqGKDJjn?input=https%3A%2F%2Fwww.wikipedia.org%2F,0.0,0.0,1.0,0.0
145,2018-05-12 00:54:39,4812,http://en.wikipedia.org/wiki/Main_Page,en.wikipedia.org,https://explorer.ooni.io/measurement/20180512T003610Z_AS4812_XIxGapYus82iZOsofcMtKsK9XsIWNo8woftX58XnfSIsaWePfa?input=http%3A%2F%2Fen.wikipedia.org%2Fwiki%2FMain_Page,0.0,0.0,1.0,0.0
146,2018-05-12 01:17:13,4812,http://zh.wikipedia.org/wiki/wikipedia:%e9%a6%96%e9%a1%b5,zh.wikipedia.org,https://explorer.ooni.io/measurement/20180512T003610Z_AS4812_XIxGapYus82iZOsofcMtKsK9XsIWNo8woftX58XnfSIsaWePfa?input=http%3A%2F%2Fzh.wikipedia.org%2Fwiki%2Fwikipedia%3A%25e9%25a6%2596%25e9%25a1%25b5,0.0,0.0,1.0,0.0
147,2018-05-12 01:29:40,4812,https://en.wikipedia.org/wiki/the_holocaust,en.wikipedia.org,https://explorer.ooni.io/measurement/20180512T012010Z_AS4812_qq080CP5XNh6TsYSrzIB8ncgDeZiguodGxg1bua7qeDVCLkAsj?input=https%3A%2F%2Fen.wikipedia.org%2Fwiki%2Fthe_holocaust,0.0,0.0,1.0,0.0
148,2018-05-14 02:14:25,4134,http://www.wikipedia.org/,www.wikipedia.org,https://explorer.ooni.io/measurement/20180514T011851Z_AS4134_i82uLe3LSzkDZvbgybP5zCrYE4jMkqbOFRUqxEM80Bbc1cWne1?input=http%3A%2F%2Fwww.wikipedia.org%2F,0.0,1.0,0.0,0.0
149,2018-05-14 02:14:27,4134,https://www.wikipedia.org/,www.wikipedia.org,https://explorer.ooni.io/measurement/20180514T011851Z_AS4134_i82uLe3LSzkDZvbgybP5zCrYE4jMkqbOFRUqxEM80Bbc1cWne1?input=https%3A%2F%2Fwww.wikipedia.org%2F,0.0,1.0,0.0,0.0
150,2018-05-14 02:22:21,4134,http://en.wikipedia.org/wiki/the_holocaust,en.wikipedia.org,https://explorer.ooni.io/measurement/20180514T011851Z_AS4134_i82uLe3LSzkDZvbgybP5zCrYE4jMkqbOFRUqxEM80Bbc1cWne1?input=http%3A%2F%2Fen.wikipedia.org%2Fwiki%2Fthe_holocaust,0.0,1.0,0.0,0.0
151,2018-05-14 02:22:24,4134,https://en.wikipedia.org/wiki/the_holocaust,en.wikipedia.org,https://explorer.ooni.io/measurement/20180514T011851Z_AS4134_i82uLe3LSzkDZvbgybP5zCrYE4jMkqbOFRUqxEM80Bbc1cWne1?input=https%3A%2F%2Fen.wikipedia.org%2Fwiki%2Fthe_holocaust,0.0,1.0,0.0,0.0
152,2018-05-14 02:46:05,4134,http://en.wikipedia.org/wiki/Main_Page,en.wikipedia.org,https://explorer.ooni.io/measurement/20180514T023747Z_AS4134_6tpG02HgO4EOkfxcW4fPrSI0Fapc3d44zMtyGwwDsVu2guc5Tj?input=http%3A%2F%2Fen.wikipedia.org%2Fwiki%2FMain_Page,0.0,1.0,0.0,0.0
153,2018-05-14 02:47:12,4134,http://zh.wikipedia.org/wiki/wikipedia:%e9%a6%96%e9%a1%b5,zh.wikipedia.org,https://explorer.ooni.io/measurement/20180514T023747Z_AS4134_6tpG02HgO4EOkfxcW4fPrSI0Fapc3d44zMtyGwwDsVu2guc5Tj?input=http%3A%2F%2Fzh.wikipedia.org%2Fwiki%2Fwikipedia%3A%25e9%25a6%2596%25e9%25a1%25b5,0.0,1.0,0.0,0.0
154,2018-05-16 02:25:54,4134,http://en.wikipedia.org/wiki/the_holocaust,en.wikipedia.org,https://explorer.ooni.io/measurement/20180516T013031Z_AS4134_kwdqcEkpMMoO7k1MlH76pGvNGG4hWSAhcaHUyXgVjvcIwsOkJJ?input=http%3A%2F%2Fen.wikipedia.org%2Fwiki%2Fthe_holocaust,0.0,1.0,0.0,0.0
155,2018-05-16 02:25:56,4134,https://en.wikipedia.org/wiki/the_holocaust,en.wikipedia.org,https://explorer.ooni.io/measurement/20180516T013031Z_AS4134_kwdqcEkpMMoO7k1MlH76pGvNGG4hWSAhcaHUyXgVjvcIwsOkJJ?input=https%3A%2F%2Fen.wikipedia.org%2Fwiki%2Fthe_holocaust,0.0,1.0,0.0,0.0
156,2018-05-16 02:48:46,4134,http://www.wikipedia.org/,www.wikipedia.org,https://explorer.ooni.io/measurement/20180516T013031Z_AS4134_kwdqcEkpMMoO7k1MlH76pGvNGG4hWSAhcaHUyXgVjvcIwsOkJJ?input=http%3A%2F%2Fwww.wikipedia.org%2F,0.0,1.0,0.0,0.0
157,2018-05-16 02:48:47,4134,https://www.wikipedia.org/,www.wikipedia.org,https://explorer.ooni.io/measurement/20180516T013031Z_AS4134_kwdqcEkpMMoO7k1MlH76pGvNGG4hWSAhcaHUyXgVjvcIwsOkJJ?input=https%3A%2F%2Fwww.wikipedia.org%2F,0.0,1.0,0.0,0.0
158,2018-05-18 02:52:12,4134,http://www.wikipedia.org/,www.wikipedia.org,https://explorer.ooni.io/measurement/20180518T022838Z_AS4134_FgfP8J9yqO0lOcT4xXknPINlDj8b5Ak6BlbsKHydi3HwIe8htq?input=http%3A%2F%2Fwww.wikipedia.org%2F,0.0,1.0,0.0,0.0
159,2018-05-18 02:52:14,4134,https://www.wikipedia.org/,www.wikipedia.org,https://explorer.ooni.io/measurement/20180518T022838Z_AS4134_FgfP8J9yqO0lOcT4xXknPINlDj8b5Ak6BlbsKHydi3HwIe8htq?input=https%3A%2F%2Fwww.wikipedia.org%2F,0.0,1.0,0.0,0.0
160,2018-05-18 03:00:36,4134,http://en.wikipedia.org/wiki/the_holocaust,en.wikipedia.org,https://explorer.ooni.io/measurement/20180518T022838Z_AS4134_FgfP8J9yqO0lOcT4xXknPINlDj8b5Ak6BlbsKHydi3HwIe8htq?input=http%3A%2F%2Fen.wikipedia.org%2Fwiki%2Fthe_holocaust,0.0,1.0,0.0,0.0
161,2018-05-18 03:00:39,4134,https://en.wikipedia.org/wiki/the_holocaust,en.wikipedia.org,https://explorer.ooni.io/measurement/20180518T022838Z_AS4134_FgfP8J9yqO0lOcT4xXknPINlDj8b5Ak6BlbsKHydi3HwIe8htq?input=https%3A%2F%2Fen.wikipedia.org%2Fwiki%2Fthe_holocaust,0.0,1.0,0.0,0.0
162,2018-05-18 04:31:57,4134,http://zh.wikipedia.org/wiki/wikipedia:%e9%a6%96%e9%a1%b5,zh.wikipedia.org,https://explorer.ooni.io/measurement/20180518T041852Z_AS4134_55deVCoRxKaUZPTEiwQ0oWZlql9oqkgnzCIB4HK5IjNuGDbBiB?input=http%3A%2F%2Fzh.wikipedia.org%2Fwiki%2Fwikipedia%3A%25e9%25a6%2596%25e9%25a1%25b5,0.0,1.0,0.0,0.0
163,2018-05-18 04:37:11,4134,http://en.wikipedia.org/wiki/Main_Page,en.wikipedia.org,https://explorer.ooni.io/measurement/20180518T041852Z_AS4134_55deVCoRxKaUZPTEiwQ0oWZlql9oqkgnzCIB4HK5IjNuGDbBiB?input=http%3A%2F%2Fen.wikipedia.org%2Fwiki%2FMain_Page,0.0,1.0,0.0,0.0
164,2018-05-20 17:23:13,4134,https://en.wikipedia.org/wiki/the_holocaust,en.wikipedia.org,https://explorer.ooni.io/measurement/20180520T172314Z_AS4134_XnHPFn8mvN5XGKfwswq2ryACTga0gycKJNeXzoPWDvmBQ0p7SM?input=https%3A%2F%2Fen.wikipedia.org%2Fwiki%2Fthe_holocaust,0.0,1.0,0.0,0.0
165,2018-05-21 02:53:01,4134,http://www.wikipedia.org/,www.wikipedia.org,https://explorer.ooni.io/measurement/20180521T022003Z_AS4134_xn9pyqspUti6uINH2WZbgCJh3sWtxTXIAQ9KOdYAshuqPCtO95?input=http%3A%2F%2Fwww.wikipedia.org%2F,0.0,1.0,0.0,0.0
166,2018-05-21 02:53:05,4134,https://www.wikipedia.org/,www.wikipedia.org,https://explorer.ooni.io/measurement/20180521T022003Z_AS4134_xn9pyqspUti6uINH2WZbgCJh3sWtxTXIAQ9KOdYAshuqPCtO95?input=https%3A%2F%2Fwww.wikipedia.org%2F,0.0,1.0,0.0,0.0
167,2018-05-21 03:19:54,4134,http://en.wikipedia.org/wiki/the_holocaust,en.wikipedia.org,https://explorer.ooni.io/measurement/20180521T022003Z_AS4134_xn9pyqspUti6uINH2WZbgCJh3sWtxTXIAQ9KOdYAshuqPCtO95?input=http%3A%2F%2Fen.wikipedia.org%2Fwiki%2Fthe_holocaust,0.0,1.0,0.0,0.0
168,2018-05-21 03:19:57,4134,https://en.wikipedia.org/wiki/the_holocaust,en.wikipedia.org,https://explorer.ooni.io/measurement/20180521T022003Z_AS4134_xn9pyqspUti6uINH2WZbgCJh3sWtxTXIAQ9KOdYAshuqPCtO95?input=https%3A%2F%2Fen.wikipedia.org%2Fwiki%2Fthe_holocaust,0.0,1.0,0.0,0.0
169,2018-05-21 03:35:38,4134,http://en.wikipedia.org/wiki/Main_Page,en.wikipedia.org,https://explorer.ooni.io/measurement/20180521T033316Z_AS4134_KKXOVmN31dv58kJ86tsswybdtVb5KTZqQS3UpQ7GcKNlqkLg7A?input=http%3A%2F%2Fen.wikipedia.org%2Fwiki%2FMain_Page,0.0,1.0,0.0,0.0
170,2018-05-21 03:40:12,4134,http://zh.wikipedia.org/wiki/wikipedia:%e9%a6%96%e9%a1%b5,zh.wikipedia.org,https://explorer.ooni.io/measurement/20180521T033316Z_AS4134_KKXOVmN31dv58kJ86tsswybdtVb5KTZqQS3UpQ7GcKNlqkLg7A?input=http%3A%2F%2Fzh.wikipedia.org%2Fwiki%2Fwikipedia%3A%25e9%25a6%2596%25e9%25a1%25b5,0.0,1.0,0.0,0.0
171,2018-05-23 02:53:34,4134,http://www.wikipedia.org/,www.wikipedia.org,https://explorer.ooni.io/measurement/20180523T020450Z_AS4134_9f85GBlmrZOvQMwsPH4mUCdo8mcX0KGLYr0q0fh58rhNJwQp9l?input=http%3A%2F%2Fwww.wikipedia.org%2F,0.0,1.0,0.0,0.0
172,2018-05-23 02:53:42,4134,https://www.wikipedia.org/,www.wikipedia.org,https://explorer.ooni.io/measurement/20180523T020450Z_AS4134_9f85GBlmrZOvQMwsPH4mUCdo8mcX0KGLYr0q0fh58rhNJwQp9l?input=https%3A%2F%2Fwww.wikipedia.org%2F,0.0,1.0,0.0,0.0
173,2018-05-23 03:26:51,4134,http://en.wikipedia.org/wiki/the_holocaust,en.wikipedia.org,https://explorer.ooni.io/measurement/20180523T020450Z_AS4134_9f85GBlmrZOvQMwsPH4mUCdo8mcX0KGLYr0q0fh58rhNJwQp9l?input=http%3A%2F%2Fen.wikipedia.org%2Fwiki%2Fthe_holocaust,0.0,1.0,0.0,0.0
174,2018-05-23 03:26:56,4134,https://en.wikipedia.org/wiki/the_holocaust,en.wikipedia.org,https://explorer.ooni.io/measurement/20180523T020450Z_AS4134_9f85GBlmrZOvQMwsPH4mUCdo8mcX0KGLYr0q0fh58rhNJwQp9l?input=https%3A%2F%2Fen.wikipedia.org%2Fwiki%2Fthe_holocaust,0.0,1.0,0.0,0.0
175,2018-05-24 02:08:53,4134,http://www.wikipedia.org/,www.wikipedia.org,https://explorer.ooni.io/measurement/20180524T020522Z_AS4134_1tEN9WvYadwGVDdOKJ23JFNikDpEJ9GRi4HaUjxRay970oxfpl?input=http%3A%2F%2Fwww.wikipedia.org%2F,0.0,1.0,0.0,0.0
176,2018-05-24 02:08:54,4134,https://www.wikipedia.org/,www.wikipedia.org,https://explorer.ooni.io/measurement/20180524T020522Z_AS4134_1tEN9WvYadwGVDdOKJ23JFNikDpEJ9GRi4HaUjxRay970oxfpl?input=https%3A%2F%2Fwww.wikipedia.org%2F,0.0,1.0,0.0,0.0
177,2018-05-24 03:16:36,4134,http://en.wikipedia.org/wiki/the_holocaust,en.wikipedia.org,https://explorer.ooni.io/measurement/20180524T020522Z_AS4134_1tEN9WvYadwGVDdOKJ23JFNikDpEJ9GRi4HaUjxRay970oxfpl?input=http%3A%2F%2Fen.wikipedia.org%2Fwiki%2Fthe_holocaust,0.0,1.0,0.0,0.0
178,2018-05-24 03:16:49,4134,https://en.wikipedia.org/wiki/the_holocaust,en.wikipedia.org,https://explorer.ooni.io/measurement/20180524T020522Z_AS4134_1tEN9WvYadwGVDdOKJ23JFNikDpEJ9GRi4HaUjxRay970oxfpl?input=https%3A%2F%2Fen.wikipedia.org%2Fwiki%2Fthe_holocaust,0.0,1.0,0.0,0.0
179,2018-05-24 03:44:56,4134,http://en.wikipedia.org/wiki/Main_Page,en.wikipedia.org,https://explorer.ooni.io/measurement/20180524T033522Z_AS4134_RbtAon7Tbu8nEU6Xzp56DKuwOFgQ3Ir67T5XWj1QGQrQ4nXICq?input=http%3A%2F%2Fen.wikipedia.org%2Fwiki%2FMain_Page,0.0,1.0,0.0,0.0
180,2018-05-24 03:45:19,4134,http://zh.wikipedia.org/wiki/wikipedia:%e9%a6%96%e9%a1%b5,zh.wikipedia.org,https://explorer.ooni.io/measurement/20180524T033522Z_AS4134_RbtAon7Tbu8nEU6Xzp56DKuwOFgQ3Ir67T5XWj1QGQrQ4nXICq?input=http%3A%2F%2Fzh.wikipedia.org%2Fwiki%2Fwikipedia%3A%25e9%25a6%2596%25e9%25a1%25b5,0.0,1.0,0.0,0.0
181,2018-05-25 02:29:48,4134,http://www.wikipedia.org/,www.wikipedia.org,https://explorer.ooni.io/measurement/20180525T015248Z_AS4134_LTIY65oJJhmUOC0ugblXfYfh0LT7nnMOsDiDTJzDLgvCn7cgD7?input=http%3A%2F%2Fwww.wikipedia.org%2F,0.0,1.0,0.0,0.0
182,2018-05-25 02:29:54,4134,https://www.wikipedia.org/,www.wikipedia.org,https://explorer.ooni.io/measurement/20180525T015248Z_AS4134_LTIY65oJJhmUOC0ugblXfYfh0LT7nnMOsDiDTJzDLgvCn7cgD7?input=https%3A%2F%2Fwww.wikipedia.org%2F,0.0,1.0,0.0,0.0
183,2018-05-25 02:46:03,4134,http://en.wikipedia.org/wiki/the_holocaust,en.wikipedia.org,https://explorer.ooni.io/measurement/20180525T015248Z_AS4134_LTIY65oJJhmUOC0ugblXfYfh0LT7nnMOsDiDTJzDLgvCn7cgD7?input=http%3A%2F%2Fen.wikipedia.org%2Fwiki%2Fthe_holocaust,0.0,1.0,0.0,0.0
184,2018-05-25 02:46:03,4134,https://en.wikipedia.org/wiki/the_holocaust,en.wikipedia.org,https://explorer.ooni.io/measurement/20180525T015248Z_AS4134_LTIY65oJJhmUOC0ugblXfYfh0LT7nnMOsDiDTJzDLgvCn7cgD7?input=https%3A%2F%2Fen.wikipedia.org%2Fwiki%2Fthe_holocaust,0.0,1.0,0.0,0.0
185,2018-05-27 02:14:53,4134,http://www.wikipedia.org/,www.wikipedia.org,https://explorer.ooni.io/measurement/20180527T015558Z_AS4134_Meu1YjMkTqAaXk43vP9ygw5oINQ8FbEMDxLunDBWCFvrDhOSJ6?input=http%3A%2F%2Fwww.wikipedia.org%2F,0.0,1.0,0.0,0.0
186,2018-05-27 02:14:57,4134,https://www.wikipedia.org/,www.wikipedia.org,https://explorer.ooni.io/measurement/20180527T015558Z_AS4134_Meu1YjMkTqAaXk43vP9ygw5oINQ8FbEMDxLunDBWCFvrDhOSJ6?input=https%3A%2F%2Fwww.wikipedia.org%2F,0.0,1.0,0.0,0.0
187,2018-05-27 02:31:40,4134,http://en.wikipedia.org/wiki/the_holocaust,en.wikipedia.org,https://explorer.ooni.io/measurement/20180527T015558Z_AS4134_Meu1YjMkTqAaXk43vP9ygw5oINQ8FbEMDxLunDBWCFvrDhOSJ6?input=http%3A%2F%2Fen.wikipedia.org%2Fwiki%2Fthe_holocaust,0.0,1.0,0.0,0.0
188,2018-05-27 02:31:40,4134,https://en.wikipedia.org/wiki/the_holocaust,en.wikipedia.org,https://explorer.ooni.io/measurement/20180527T015558Z_AS4134_Meu1YjMkTqAaXk43vP9ygw5oINQ8FbEMDxLunDBWCFvrDhOSJ6?input=https%3A%2F%2Fen.wikipedia.org%2Fwiki%2Fthe_holocaust,0.0,1.0,0.0,0.0
189,2018-05-29 02:29:44,4134,https://en.wikipedia.org/wiki/the_holocaust,en.wikipedia.org,https://explorer.ooni.io/measurement/20180529T022940Z_AS4134_Yv9gZYcUQkSoS4VFYSR3fQCs1IYv8ZGmNWpsJJN5oULv8cLT6l?input=https%3A%2F%2Fen.wikipedia.org%2Fwiki%2Fthe_holocaust,0.0,1.0,0.0,0.0
190,2018-06-02 04:42:27,4134,https://en.wikipedia.org/wiki/the_holocaust,en.wikipedia.org,https://explorer.ooni.io/measurement/20180602T044228Z_AS4134_HhrYAckU0KUotc21Zh28jwgJmL1IbxCzbK7ZHcZPSO4bi6zO0i?input=https%3A%2F%2Fen.wikipedia.org%2Fwiki%2Fthe_holocaust,0.0,1.0,0.0,0.0
191,2018-06-03 09:24:19,4134,http://www.wikipedia.org/,www.wikipedia.org,https://explorer.ooni.io/measurement/20180603T011906Z_AS4134_TjFHmat2yYvaBQHTBREANpYrOD3fhHadP66IM8hNXl3Wm35HnF?input=http%3A%2F%2Fwww.wikipedia.org%2F,0.0,1.0,0.0,0.0
192,2018-06-03 09:24:23,4134,https://www.wikipedia.org/,www.wikipedia.org,https://explorer.ooni.io/measurement/20180603T011906Z_AS4134_TjFHmat2yYvaBQHTBREANpYrOD3fhHadP66IM8hNXl3Wm35HnF?input=https%3A%2F%2Fwww.wikipedia.org%2F,0.0,1.0,0.0,0.0
193,2018-06-03 09:35:41,4134,http://en.wikipedia.org/wiki/the_holocaust,en.wikipedia.org,https://explorer.ooni.io/measurement/20180603T011906Z_AS4134_TjFHmat2yYvaBQHTBREANpYrOD3fhHadP66IM8hNXl3Wm35HnF?input=http%3A%2F%2Fen.wikipedia.org%2Fwiki%2Fthe_holocaust,0.0,1.0,0.0,0.0
194,2018-06-03 09:35:42,4134,https://en.wikipedia.org/wiki/the_holocaust,en.wikipedia.org,https://explorer.ooni.io/measurement/20180603T011906Z_AS4134_TjFHmat2yYvaBQHTBREANpYrOD3fhHadP66IM8hNXl3Wm35HnF?input=https%3A%2F%2Fen.wikipedia.org%2Fwiki%2Fthe_holocaust,0.0,1.0,0.0,0.0
195,2018-06-03 10:35:22,4134,http://en.wikipedia.org/wiki/Main_Page,en.wikipedia.org,https://explorer.ooni.io/measurement/20180603T022506Z_AS4134_kdewuA31LImOPCpp2TV6qoXI4kXBNJpZ5EytIbzm2MvzLe8tCY?input=http%3A%2F%2Fen.wikipedia.org%2Fwiki%2FMain_Page,0.0,1.0,0.0,0.0
196,2018-06-03 10:37:02,4134,http://zh.wikipedia.org/wiki/wikipedia:%e9%a6%96%e9%a1%b5,zh.wikipedia.org,https://explorer.ooni.io/measurement/20180603T022506Z_AS4134_kdewuA31LImOPCpp2TV6qoXI4kXBNJpZ5EytIbzm2MvzLe8tCY?input=http%3A%2F%2Fzh.wikipedia.org%2Fwiki%2Fwikipedia%3A%25e9%25a6%2596%25e9%25a1%25b5,0.0,1.0,0.0,0.0
197,2018-06-05 03:28:34,23650,https://en.wikipedia.org/wiki/the_holocaust,en.wikipedia.org,https://explorer.ooni.io/measurement/20180605T032813Z_AS23650_HeAvDikLvlNzg9GMDPsXShWm5MaCmZB5aoAhWPdUaH7TUp9p4K?input=https%3A%2F%2Fen.wikipedia.org%2Fwiki%2Fthe_holocaust,0.0,1.0,0.0,0.0
198,2018-06-08 10:37:28,4812,https://en.wikipedia.org/wiki/the_holocaust,en.wikipedia.org,https://explorer.ooni.io/measurement/20180608T103011Z_AS4812_ZSVjhVFYFQUUgzzHpZ2Q5D0oEnTYoKKPHYfehwEK2qp5HD1XPK?input=https%3A%2F%2Fen.wikipedia.org%2Fwiki%2Fthe_holocaust,0.0,1.0,0.0,0.0
199,2018-06-28 11:56:02,4134,https://en.wikipedia.org/wiki/the_holocaust,en.wikipedia.org,https://explorer.ooni.io/measurement/20180628T115548Z_AS4134_kSQ8eZapsKMHTanNWHCbAb1GFk5pjUkAInrEr9Ho6aC9fDZytu?input=https%3A%2F%2Fen.wikipedia.org%2Fwiki%2Fthe_holocaust,0.0,1.0,0.0,0.0
200,2018-07-16 10:55:16,24400,http://en.wikipedia.org/wiki/the_holocaust,en.wikipedia.org,https://explorer.ooni.io/measurement/20180716T095648Z_AS24400_AWoVq3O2BTNNZVaDnVy2pUPpjYODiviZhJQLbHwYwT9VOkv6LF?input=http%3A%2F%2Fen.wikipedia.org%2Fwiki%2Fthe_holocaust,0.0,1.0,0.0,0.0
201,2018-07-16 10:55:19,24400,https://en.wikipedia.org/wiki/the_holocaust,en.wikipedia.org,https://explorer.ooni.io/measurement/20180716T095648Z_AS24400_AWoVq3O2BTNNZVaDnVy2pUPpjYODiviZhJQLbHwYwT9VOkv6LF?input=https%3A%2F%2Fen.wikipedia.org%2Fwiki%2Fthe_holocaust,0.0,1.0,0.0,0.0
202,2018-07-16 11:17:35,24400,http://www.wikipedia.org/,www.wikipedia.org,https://explorer.ooni.io/measurement/20180716T095648Z_AS24400_AWoVq3O2BTNNZVaDnVy2pUPpjYODiviZhJQLbHwYwT9VOkv6LF?input=http%3A%2F%2Fwww.wikipedia.org%2F,0.0,1.0,0.0,0.0
203,2018-07-16 11:17:37,24400,https://www.wikipedia.org/,www.wikipedia.org,https://explorer.ooni.io/measurement/20180716T095648Z_AS24400_AWoVq3O2BTNNZVaDnVy2pUPpjYODiviZhJQLbHwYwT9VOkv6LF?input=https%3A%2F%2Fwww.wikipedia.org%2F,0.0,1.0,0.0,0.0
204,2018-07-18 06:51:11,4812,https://en.wikipedia.org/wiki/the_holocaust,en.wikipedia.org,https://explorer.ooni.io/measurement/20180718T063540Z_AS4812_BXkElPm2fVMCaNUcDqOkAKtYoyEHTlc6DJ4tMSlGJQ6FO0Yamy?input=https%3A%2F%2Fen.wikipedia.org%2Fwiki%2Fthe_holocaust,0.0,1.0,0.0,0.0
205,2018-07-18 07:57:55,4812,https://www.wikipedia.org/,www.wikipedia.org,https://explorer.ooni.io/measurement/20180718T063540Z_AS4812_BXkElPm2fVMCaNUcDqOkAKtYoyEHTlc6DJ4tMSlGJQ6FO0Yamy?input=https%3A%2F%2Fwww.wikipedia.org%2F,0.0,1.0,0.0,0.0
206,2018-07-25 13:59:12,4837,https://en.wikipedia.org/wiki/the_holocaust,en.wikipedia.org,https://explorer.ooni.io/measurement/20180725T135822Z_AS4837_EEo3we9B0qXxqsAViuaKl3vcf9mibFuHCxEZshxrJ4JcyMUoDL?input=https%3A%2F%2Fen.wikipedia.org%2Fwiki%2Fthe_holocaust,0.0,1.0,0.0,0.0
207,2018-07-26 17:15:14,9808,https://www.wikipedia.org/,www.wikipedia.org,https://explorer.ooni.io/measurement/20180726T171506Z_AS9808_tx0dk1JPEOIP9S0v2vg8I29gqtAS4YaOJVrbgXQP6VCUxJyujR?input=https%3A%2F%2Fwww.wikipedia.org%2F,0.0,1.0,0.0,0.0
208,2018-08-06 16:14:27,56046,https://www.wikipedia.org/,www.wikipedia.org,https://explorer.ooni.io/measurement/20180806T161420Z_AS56046_P6ab3WIjdoQBiKPQXkJakoX6LAoPdaU0WUcc1F1XaoSd2Cgi9n?input=https%3A%2F%2Fwww.wikipedia.org%2F,0.0,1.0,0.0,0.0
209,2018-08-07 17:48:06,56040,https://en.wikipedia.org/wiki/the_holocaust,en.wikipedia.org,https://explorer.ooni.io/measurement/20180807T174725Z_AS56040_6OEPXNjwHYxeTM9DVyEj4DwgKRgE3tz7YmVcIBH8o1ccMWDzPq?input=https%3A%2F%2Fen.wikipedia.org%2Fwiki%2Fthe_holocaust,0.0,1.0,0.0,0.0
210,2018-08-08 09:09:55,56040,https://en.wikipedia.org/wiki/the_holocaust,en.wikipedia.org,https://explorer.ooni.io/measurement/20180808T090039Z_AS56040_AFJbjEuE2Fq3rpxS0VtadcbrlJbx470pRJzJZFFOWzVwECLBi3?input=https%3A%2F%2Fen.wikipedia.org%2Fwiki%2Fthe_holocaust,0.0,1.0,0.0,0.0
211,2018-08-10 10:30:08,4134,https://www.wikipedia.org/,www.wikipedia.org,https://explorer.ooni.io/measurement/20180810T103006Z_AS4134_xWLiZzBsNnB1WOzwrUxcmz7sJWpm9gFerngT2RLLuGXZVfRjme?input=https%3A%2F%2Fwww.wikipedia.org%2F,0.0,1.0,0.0,0.0
212,2018-08-15 02:03:18,4837,https://www.wikipedia.org/,www.wikipedia.org,https://explorer.ooni.io/measurement/20180815T020246Z_AS4837_3ZXJvXPdC3v8OrpPsK2y3q0IMUTlDihfkpG8LB7PLOHT4xDxxS?input=https%3A%2F%2Fwww.wikipedia.org%2F,0.0,1.0,0.0,0.0
213,2018-09-11 00:06:25,4812,https://en.wikipedia.org/wiki/the_holocaust,en.wikipedia.org,https://explorer.ooni.io/measurement/20180910T235442Z_AS4812_yPkNTDoZk3RZOh2gcQWZZDbnrEZrL3lm3YzTGfqVxwqphnJbHi?input=https%3A%2F%2Fen.wikipedia.org%2Fwiki%2Fthe_holocaust,0.0,1.0,0.0,0.0
214,2018-09-16 17:38:12,0,https://en.wikipedia.org/wiki/the_holocaust,en.wikipedia.org,https://explorer.ooni.io/measurement/20180916T173738Z_AS0_2ZCcozrgXk3XbFGumroXQm1LCHAkrWrZJfrHZrBr50G0uB5C2w?input=https%3A%2F%2Fen.wikipedia.org%2Fwiki%2Fthe_holocaust,0.0,1.0,0.0,0.0
215,2018-09-18 22:33:08,56047,https://en.wikipedia.org/wiki/the_holocaust,en.wikipedia.org,https://explorer.ooni.io/measurement/20180918T223254Z_AS56047_0oBqBqhsjZHfXdp5EtfAwHBjtSnZVfIeShv2ehu7Lwi6TLnnpy?input=https%3A%2F%2Fen.wikipedia.org%2Fwiki%2Fthe_holocaust,0.0,1.0,0.0,0.0
216,2018-10-15 05:08:09,4134,https://en.wikipedia.org/wiki/the_holocaust,en.wikipedia.org,https://explorer.ooni.io/measurement/20181015T050755Z_AS4134_594ppjDSvawleTReqSIGrhtEk0BNpi7cL1shgDwavRueAQmqzl?input=https%3A%2F%2Fen.wikipedia.org%2Fwiki%2Fthe_holocaust,0.0,1.0,0.0,0.0
217,2018-10-17 03:05:09,4134,https://www.wikipedia.org/,www.wikipedia.org,https://explorer.ooni.io/measurement/20181017T030044Z_AS4134_tztrNVs1yLBozVSNrsHaS1obz0QEIrKld0rxugq1foGy2qvMc6?input=https%3A%2F%2Fwww.wikipedia.org%2F,0.0,1.0,0.0,0.0
218,2018-10-18 01:00:54,56041,https://en.wikipedia.org/wiki/the_holocaust,en.wikipedia.org,https://explorer.ooni.io/measurement/20181018T004429Z_AS56041_MBG9barGaEGN0Ofc3egSmyAwamqudb8QBs6NF0ONgRrq5XgZyQ?input=https%3A%2F%2Fen.wikipedia.org%2Fwiki%2Fthe_holocaust,0.0,1.0,0.0,0.0
219,2018-10-29 16:52:40,56041,https://www.wikipedia.org/,www.wikipedia.org,https://explorer.ooni.io/measurement/20181029T165231Z_AS56041_0PaYFSsBHXrlHhOrY39duafGkumTKiCMRf5NBlF9tale1FlbrE?input=https%3A%2F%2Fwww.wikipedia.org%2F,0.0,1.0,0.0,0.0
220,2018-12-19 07:46:22,4808,https://ru.wikipedia.org/,ru.wikipedia.org,https://explorer.ooni.io/measurement/20181219T074603Z_AS4808_abo2rd9IoJyfzdtiGrPfpYR7CbyohyQ5tAtbIfaQW2sDNGs8Q5?input=https%3A%2F%2Fru.wikipedia.org%2F,0.0,1.0,0.0,0.0
221,2019-01-02 10:26:52,9808,http://www.wikipedia.org/,www.wikipedia.org,https://explorer.ooni.io/measurement/20190102T085146Z_AS9808_TLYBMjstgmIVI8653idYZEtqT6u1m0qfMDGhN9QqKDAo5lgr6v?input=http%3A%2F%2Fwww.wikipedia.org%2F,0.0,1.0,0.0,0.0
222,2019-01-02 10:26:55,9808,https://www.wikipedia.org/,www.wikipedia.org,https://explorer.ooni.io/measurement/20190102T085146Z_AS9808_TLYBMjstgmIVI8653idYZEtqT6u1m0qfMDGhN9QqKDAo5lgr6v?input=https%3A%2F%2Fwww.wikipedia.org%2F,0.0,1.0,0.0,0.0
223,2019-01-08 03:28:57,4134,https://www.wikipedia.org/,www.wikipedia.org,https://explorer.ooni.io/measurement/20190108T032857Z_AS4134_agEYD1R4qCaEdduQo3HXBklc99cde0Q3MkYj2F9LSFmcPjeFXy?input=https%3A%2F%2Fwww.wikipedia.org%2F,0.0,1.0,0.0,0.0
224,2019-01-13 12:16:13,4134,https://en.wikipedia.org/wiki/the_holocaust,en.wikipedia.org,https://explorer.ooni.io/measurement/20190113T121523Z_AS4134_bd3uEewYoe8sQKoxsL1HNPV9lxNESXJZ3ykf8YC8GA0jMYF8o0?input=https%3A%2F%2Fen.wikipedia.org%2Fwiki%2Fthe_holocaust,0.0,1.0,0.0,0.0
225,2019-01-17 07:15:53,4808,https://de.wikipedia.org/,de.wikipedia.org,https://explorer.ooni.io/measurement/20190117T071522Z_AS4808_aHcixJcvOpilHtUOpPa0nj0UoclW7NaT570E912mID8WlMk9We?input=https%3A%2F%2Fde.wikipedia.org%2F,0.0,1.0,0.0,0.0
226,2019-01-26 02:19:28,4134,https://en.wikipedia.org/wiki/the_holocaust,en.wikipedia.org,https://explorer.ooni.io/measurement/20190126T021928Z_AS4134_mSCztGR9SGsviFsTlOnxrhZFK6kJJHDdjN6RRh6tZYTW1oVXaF?input=https%3A%2F%2Fen.wikipedia.org%2Fwiki%2Fthe_holocaust,0.0,1.0,0.0,0.0
227,2019-01-28 22:35:26,4837,http://en.wikipedia.org/wiki/Main_Page,en.wikipedia.org,https://explorer.ooni.io/measurement/20190128T223519Z_AS4837_bxDvKlTmkvQXO7A2fR90kHvdqEmVCLstg1EjGdbBtfmMqmcDFE?input=http%3A%2F%2Fen.wikipedia.org%2Fwiki%2FMain_Page,0.0,0.0,1.0,0.0
228,2019-02-01 15:59:43,4837,https://en.wikipedia.org/,en.wikipedia.org,https://explorer.ooni.io/measurement/20190201T155924Z_AS4837_OCB57jv9qjIXXOFPOEVrEOGrxssmw8iVLXJ22inqyXz2o0XfBE?input=https%3A%2F%2Fen.wikipedia.org%2F,0.0,1.0,0.0,0.0
229,2019-02-02 06:15:28,4837,https://de.wikipedia.org/,de.wikipedia.org,https://explorer.ooni.io/measurement/20190202T061512Z_AS4837_OQyypqNxKT03HF7ZJrIvXcMbLWpTWRDvIqHsukTP1L6fXykX8B?input=https%3A%2F%2Fde.wikipedia.org%2F,0.0,1.0,0.0,0.0
230,2019-02-04 04:30:48,45102,https://fr.wikipedia.org/,fr.wikipedia.org,https://explorer.ooni.io/measurement/20190204T043014Z_AS45102_FKbropub1ibTeDjnXVXXLjBfVibPp1kI9kKuKYz7VrA1BvVQJP?input=https%3A%2F%2Ffr.wikipedia.org%2F,0.0,1.0,0.0,0.0
231,2019-02-05 14:00:03,45102,https://en.wikipedia.org/,en.wikipedia.org,https://explorer.ooni.io/measurement/20190205T140004Z_AS45102_1oKo6644CDJAQB9lBqAEJBXmJUiZ8upWw28FopcNhFju50PW0h?input=https%3A%2F%2Fen.wikipedia.org%2F,0.0,1.0,0.0,0.0
232,2019-02-07 04:37:17,56041,https://ca.wikipedia.org/,ca.wikipedia.org,https://explorer.ooni.io/measurement/20190207T043647Z_AS56041_HvhKMOHsIBlOQfZlkVRXiLU3SS9z9DAOB2mA2ePOBRLCFcWOQA?input=https%3A%2F%2Fca.wikipedia.org%2F,0.0,1.0,0.0,0.0
233,2019-02-07 15:47:06,4837,https://it.wikipedia.org/,it.wikipedia.org,https://explorer.ooni.io/measurement/20190207T154707Z_AS4837_RY9BFxYp5l9aTJJQMBkS8XL0JpZNA9WATC1mXt886xm6GGJqsS?input=https%3A%2F%2Fit.wikipedia.org%2F,0.0,1.0,0.0,0.0
234,2019-02-08 01:46:46,4837,https://en.wikipedia.org/,en.wikipedia.org,https://explorer.ooni.io/measurement/20190208T014542Z_AS4837_cVNqgbRbBxlaoxyiuntw0iZebPLRys6RauhyoP4JFImXJ5uT5t?input=https%3A%2F%2Fen.wikipedia.org%2F,0.0,1.0,0.0,0.0
235,2019-02-10 21:38:48,4134,https://de.wikipedia.org/,de.wikipedia.org,https://explorer.ooni.io/measurement/20190210T213849Z_AS4134_KstqnkEYZEKIn9oIbJMSwKGpw5YPOu6nD8xIvQrnJQY9wInmR5?input=https%3A%2F%2Fde.wikipedia.org%2F,0.0,1.0,0.0,0.0
236,2019-02-12 14:15:33,4134,https://de.wikipedia.org/,de.wikipedia.org,https://explorer.ooni.io/measurement/20190212T141448Z_AS4134_CkQ8awuJNNiD1Ls5tyGuqhwyveNIHtSh86u8RMDO3G75MwbURb?input=https%3A%2F%2Fde.wikipedia.org%2F,0.0,1.0,0.0,0.0
237,2019-02-14 07:05:52,4134,http://en.wikipedia.org/wiki/Main_Page,en.wikipedia.org,https://explorer.ooni.io/measurement/20190214T070335Z_AS4134_NsrOtymxmJriBq60CUJMePIkF0hH5T9gskxWJSZA7Djju2oJ4k?input=http%3A%2F%2Fen.wikipedia.org%2Fwiki%2FMain_Page,1.0,0.0,0.0,0.0
238,2019-02-14 08:18:30,4134,http://zh.wikipedia.org/wiki/wikipedia:%e9%a6%96%e9%a1%b5,zh.wikipedia.org,https://explorer.ooni.io/measurement/20190214T070335Z_AS4134_NsrOtymxmJriBq60CUJMePIkF0hH5T9gskxWJSZA7Djju2oJ4k?input=http%3A%2F%2Fzh.wikipedia.org%2Fwiki%2Fwikipedia%3A%25e9%25a6%2596%25e9%25a1%25b5,1.0,0.0,0.0,0.0
239,2019-02-14 08:44:02,4134,http://en.wikipedia.org/wiki/Main_Page,en.wikipedia.org,https://explorer.ooni.io/measurement/20190214T084114Z_AS4134_bFQwRbRVl1Mwoi0GkH8eVs7xOrkqqPXVu0XkZgItkCfWKl3TKK?input=http%3A%2F%2Fen.wikipedia.org%2Fwiki%2FMain_Page,1.0,0.0,0.0,0.0
240,2019-02-14 09:54:06,4134,http://zh.wikipedia.org/wiki/wikipedia:%e9%a6%96%e9%a1%b5,zh.wikipedia.org,https://explorer.ooni.io/measurement/20190214T084114Z_AS4134_bFQwRbRVl1Mwoi0GkH8eVs7xOrkqqPXVu0XkZgItkCfWKl3TKK?input=http%3A%2F%2Fzh.wikipedia.org%2Fwiki%2Fwikipedia%3A%25e9%25a6%2596%25e9%25a1%25b5,1.0,0.0,0.0,0.0
241,2019-02-16 13:19:06,4808,https://www.wikipedia.org/,www.wikipedia.org,https://explorer.ooni.io/measurement/20190216T131835Z_AS4808_yCqkcMq1PQx8Mkfy8sCydQ5UGZkJt7jGSbm0GcN9M9U6KmTJF8?input=https%3A%2F%2Fwww.wikipedia.org%2F,0.0,1.0,0.0,0.0
242,2019-02-17 17:15:12,4837,https://it.wikipedia.org/,it.wikipedia.org,https://explorer.ooni.io/measurement/20190217T171513Z_AS4837_3QvuTRxFxH9I65o4s3Jc7fs1yp58u8IKn8xznVQlyvrZfCJ0Bh?input=https%3A%2F%2Fit.wikipedia.org%2F,0.0,1.0,0.0,0.0
243,2019-02-18 08:23:48,4134,https://zh.wikipedia.org,zh.wikipedia.org,https://explorer.ooni.io/measurement/20190218T082348Z_AS4134_qhG9tSWy4dwh7YbPiuTG0fATue1WvSGsIivQnuTmvPTkNi80GD?input=https%3A%2F%2Fzh.wikipedia.org,1.0,0.0,0.0,0.0
244,2019-02-18 08:25:39,4134,https://en.wikipedia.org/wiki/the_holocaust,en.wikipedia.org,https://explorer.ooni.io/measurement/20190218T081331Z_AS4134_2CoUgy8tf1A7DF2JZNghiXWuK7ndJRnTVHsnWTTVjkJFDb1mcd?input=https%3A%2F%2Fen.wikipedia.org%2Fwiki%2Fthe_holocaust,0.0,1.0,0.0,0.0
245,2019-02-18 11:45:27,4837,https://es.wikipedia.org/,es.wikipedia.org,https://explorer.ooni.io/measurement/20190218T114444Z_AS4837_AaouSGAwIgXCxPzSU1GrLaJItcoqs72MRK9LjdfK9NlPLZShid?input=https%3A%2F%2Fes.wikipedia.org%2F,0.0,1.0,0.0,0.0
246,2019-02-22 07:24:28,4837,https://pt.m.wikipedia.org/,pt.m.wikipedia.org,https://explorer.ooni.io/measurement/20190222T072405Z_AS4837_R3md2KpfCFl1bwRGSypg5gtci23lAgPSD5FXU9Ol5hRdaz9GBG?input=https%3A%2F%2Fpt.m.wikipedia.org%2F,0.0,1.0,0.0,0.0
247,2019-02-23 00:04:24,4837,https://de.wikipedia.org/,de.wikipedia.org,https://explorer.ooni.io/measurement/20190223T000411Z_AS4837_IGF6xcU5anmkIR1B5KqTbwwHOzfDhXXmQQeFoG6Zk00NmsiYhp?input=https%3A%2F%2Fde.wikipedia.org%2F,0.0,1.0,0.0,0.0
248,2019-02-24 02:13:31,4808,https://pt.m.wikipedia.org/,pt.m.wikipedia.org,https://explorer.ooni.io/measurement/20190224T021231Z_AS4808_txgwQICmd5fUzEBIcXoEky2v0TX7YVUtiUbflJlSatCydZsZKs?input=https%3A%2F%2Fpt.m.wikipedia.org%2F,0.0,1.0,0.0,0.0
249,2019-02-25 03:09:10,4837,https://en.m.wikipedia.org/,en.m.wikipedia.org,https://explorer.ooni.io/measurement/20190225T030805Z_AS4837_7ytCPQChfdSiEOM5PaiTZjXLZUIcfyR3bextxU4XihE61Curzw?input=https%3A%2F%2Fen.m.wikipedia.org%2F,0.0,1.0,0.0,0.0
250,2019-02-28 11:53:51,4538,https://en.wikipedia.org/,en.wikipedia.org,https://explorer.ooni.io/measurement/20190228T115342Z_AS4538_Ml8BiFqcREoOJFQMODHxHx8j9b3u5he4btJMICxEtobHNEPrrW?input=https%3A%2F%2Fen.wikipedia.org%2F,0.0,1.0,0.0,0.0
251,2019-03-01 15:20:26,4837,https://ar.m.wikipedia.org/,ar.m.wikipedia.org,https://explorer.ooni.io/measurement/20190301T152025Z_AS4837_l8mKeacDeWKSF9t2nRIWqONAhb5q4TLIl6Vtr1O7mfHxBYp8qZ?input=https%3A%2F%2Far.m.wikipedia.org%2F,0.0,1.0,0.0,0.0
252,2019-03-04 08:31:04,4134,https://ar.m.wikipedia.org/,ar.m.wikipedia.org,https://explorer.ooni.io/measurement/20190304T083105Z_AS4134_m0PIQOuvV1frr39pgpcOHIDnnYeLgzbCzAbNcAwZBTQBgx8CEL?input=https%3A%2F%2Far.m.wikipedia.org%2F,0.0,1.0,0.0,0.0
253,2019-03-04 15:06:58,4812,https://en.wikipedia.org/,en.wikipedia.org,https://explorer.ooni.io/measurement/20190304T150635Z_AS4812_ZQKyHEpUPFwgogDEz0yMEsilzq19jGhMzVJVoSjc4Rl9j6oZ7E?input=https%3A%2F%2Fen.wikipedia.org%2F,0.0,1.0,0.0,0.0
254,2019-03-05 05:04:24,4134,https://ja.wikipedia.org/,ja.wikipedia.org,https://explorer.ooni.io/measurement/20190305T050424Z_AS4134_VBvmphm89vkxD5X5ZeUHbNg4mD4O73z35EoZQkTy7FLz4MIOjB?input=https%3A%2F%2Fja.wikipedia.org%2F,1.0,0.0,0.0,0.0
255,2019-03-05 06:58:52,4837,https://it.wikipedia.org/,it.wikipedia.org,https://explorer.ooni.io/measurement/20190305T065820Z_AS4837_QcsJ4sl934tURCb1HQ8JqVYw33L1FGwBbfxMOs1SosPaLdAtII?input=https%3A%2F%2Fit.wikipedia.org%2F,0.0,1.0,0.0,0.0
256,2019-03-09 08:25:21,45102,https://pt.m.wikipedia.org/,pt.m.wikipedia.org,https://explorer.ooni.io/measurement/20190309T082501Z_AS45102_XZGfmLwiLre7jEx8T4zVttk0iTEhFyRfQRcRxtGXnQSGvi5j0o?input=https%3A%2F%2Fpt.m.wikipedia.org%2F,0.0,1.0,0.0,0.0
257,2019-03-09 15:49:04,4538,https://www.wikipedia.org/,www.wikipedia.org,https://explorer.ooni.io/measurement/20190309T154805Z_AS4538_bt42EibKZCkA40WYLhHT1FdXmTHiphY28brX7T21BxM6ZeAosp?input=https%3A%2F%2Fwww.wikipedia.org%2F,0.0,1.0,0.0,0.0
258,2019-03-14 07:31:05,4847,https://ar.wikipedia.org/,ar.wikipedia.org,https://explorer.ooni.io/measurement/20190314T073229Z_AS4847_hjsWeDT6ZGy32G3G3RlGQQBRBy5aQqnplYHTzbF0tJ3QIZwUUE?input=https%3A%2F%2Far.wikipedia.org%2F,0.0,1.0,0.0,0.0
259,2019-03-20 13:22:53,4134,https://ja.wikipedia.org/,ja.wikipedia.org,https://explorer.ooni.io/measurement/20190320T132152Z_AS4134_IN4esi2oaGs4givTkut8HbaBppfqKpWWjMxyCyX9GMUdKICaNW?input=https%3A%2F%2Fja.wikipedia.org%2F,1.0,0.0,0.0,0.0
260,2019-03-21 21:24:14,0,https://es.m.wikipedia.org/,es.m.wikipedia.org,https://explorer.ooni.io/measurement/20190321T212354Z_AS0_SY5HEbk1qv9vaJgb3y8SXoSku3SlKxYJtSSPT2h2KzKoOPipC3?input=https%3A%2F%2Fes.m.wikipedia.org%2F,0.0,1.0,0.0,0.0
261,2019-03-22 03:29:22,4134,https://fr.wikipedia.org/,fr.wikipedia.org,https://explorer.ooni.io/measurement/20190322T032819Z_AS4134_HpSBsyuMhDs2qBkSctSTWEm2vI1qqCUfrDmNWK69PUaMPJEulz?input=https%3A%2F%2Ffr.wikipedia.org%2F,0.0,1.0,0.0,0.0
262,2019-03-22 23:03:27,4134,https://it.wikipedia.org/,it.wikipedia.org,https://explorer.ooni.io/measurement/20190322T230327Z_AS4134_1WIZqPoyk4xaSqtjImkD3Fqszf4RSEBDUDoPpLC66viJbsSP7n?input=https%3A%2F%2Fit.wikipedia.org%2F,0.0,1.0,0.0,0.0
263,2019-03-25 16:43:07,9808,https://ar.wikipedia.org/,ar.wikipedia.org,https://explorer.ooni.io/measurement/20190325T164223Z_AS9808_lMJLwABRf2ZsHlVlJVvku2a2JcplN4MZgLSCNzK1E5SHhBl1pr?input=https%3A%2F%2Far.wikipedia.org%2F,0.0,1.0,0.0,0.0
264,2019-03-26 16:49:10,9808,https://es.m.wikipedia.org/,es.m.wikipedia.org,https://explorer.ooni.io/measurement/20190326T164858Z_AS9808_8vS9xYTxT0e8IHySKMwGwiKNgjH9TQMFgW41OhN06CopM6Bj9O?input=https%3A%2F%2Fes.m.wikipedia.org%2F,0.0,1.0,0.0,0.0
265,2019-04-02 12:08:57,134543,https://it.wikipedia.org/,it.wikipedia.org,https://explorer.ooni.io/measurement/20190402T120755Z_AS134543_4tAJKAnqoOKUJbvxMHL8wkOuIRGsOWvKTkCTWhLvAJotmL3KeJ?input=https%3A%2F%2Fit.wikipedia.org%2F,0.0,1.0,0.0,0.0
266,2019-04-04 06:20:18,4538,https://fr.wikipedia.org/,fr.wikipedia.org,https://explorer.ooni.io/measurement/20190404T062013Z_AS4538_RWBKIscRoYsBLEmU8POut5f178OzGfaf8xWxNlZb9dIN3Ayb29?input=https%3A%2F%2Ffr.wikipedia.org%2F,0.0,1.0,0.0,0.0
267,2019-04-05 11:48:15,4134,https://www.wikipedia.org/,www.wikipedia.org,https://explorer.ooni.io/measurement/20190405T114638Z_AS4134_8YTRyjdYKDLG5bnH4naJnbm5mNQmRXjkiQaObxCxl5q8eeKFyg?input=https%3A%2F%2Fwww.wikipedia.org%2F,0.0,1.0,0.0,0.0
268,2019-04-05 13:23:41,58466,https://it.wikipedia.org/,it.wikipedia.org,https://explorer.ooni.io/measurement/20190405T132341Z_AS58466_KFZ1aCyOvR5fgMPjYQHPE8VdW22dxUZu3RFWUlgZxW9dUp1RZm?input=https%3A%2F%2Fit.wikipedia.org%2F,0.0,1.0,0.0,0.0
269,2019-04-08 02:06:17,132525,https://es.wikipedia.org/,es.wikipedia.org,https://explorer.ooni.io/measurement/20190408T020614Z_AS132525_n9CFtpKykmfYBAvL0poVmD8SkMKB72cmSlGfwxiEt4JtRI4XYs?input=https%3A%2F%2Fes.wikipedia.org%2F,0.0,1.0,0.0,0.0
270,2019-04-15 15:25:12,4134,https://it.wikipedia.org/,it.wikipedia.org,https://explorer.ooni.io/measurement/20190415T152512Z_AS4134_DaufdBM0BeryiIw0l6hPLQcZjo1ngl2FSSlPwjrwsJKj8eVgTM?input=https%3A%2F%2Fit.wikipedia.org%2F,0.0,1.0,0.0,0.0
271,2019-04-19 10:57:33,0,https://de.wikipedia.org/,de.wikipedia.org,https://explorer.ooni.io/measurement/20190419T105733Z_AS0_oXZGPZGk8wniYWRErlHUxpOaIwHQ2eFEDxrYjQ2VzvSRnMEH4q?input=https%3A%2F%2Fde.wikipedia.org%2F,0.0,1.0,0.0,0.0
272,2019-04-20 18:11:41,56046,https://it.wikipedia.org/,it.wikipedia.org,https://explorer.ooni.io/measurement/20190420T181135Z_AS56046_7hIX67InAnT1jpzy6pKCGVo4TYRRe2t3tGeHuieXDDTkXUrZxp?input=https%3A%2F%2Fit.wikipedia.org%2F,0.0,0.0,0.0,1.0
273,2019-04-21 10:34:21,9808,https://ca.wikipedia.org/,ca.wikipedia.org,https://explorer.ooni.io/measurement/20190421T103420Z_AS9808_GWSEXIGlEn0vuNUsRdZJ5rSHeJyo6JCcQwmBotOOPb9sjXT3yO?input=https%3A%2F%2Fca.wikipedia.org%2F,0.0,1.0,0.0,0.0
274,2019-04-22 02:38:14,9808,https://es.wikipedia.org/,es.wikipedia.org,https://explorer.ooni.io/measurement/20190422T023718Z_AS9808_Bi01gWQansOXofWlf72rtNVB9VSZ76d2l6RySpKcK9dDLqlPoj?input=https%3A%2F%2Fes.wikipedia.org%2F,0.0,1.0,0.0,0.0
275,2019-04-23 03:52:18,56048,https://en.m.wikipedia.org/,en.m.wikipedia.org,https://explorer.ooni.io/measurement/20190423T035142Z_AS56048_9HCanwom7MwTdgH6iFEruFBTyW1rWdXWKTU84DFJ8XJxwD8Wak?input=https%3A%2F%2Fen.m.wikipedia.org%2F,0.0,1.0,0.0,0.0
276,2019-04-24 18:46:20,4812,https://en.m.wikipedia.org/,en.m.wikipedia.org,https://explorer.ooni.io/measurement/20190424T184620Z_AS4812_uPrp3RBw5NPU5w8LixkcYpxAY7ur6SABpkhaAEMO1cSU2oczKY?input=https%3A%2F%2Fen.m.wikipedia.org%2F,1.0,0.0,0.0,0.0
277,2019-04-25 06:44:51,4837,https://www.wikipedia.org,www.wikipedia.org,https://explorer.ooni.io/measurement/20190425T064451Z_AS4837_ARaBpVrtwyOUq2wu4aonM32HPV5aj5ZCEysuDJRM2K1yiAH8JB?input=https%3A%2F%2Fwww.wikipedia.org,1.0,0.0,0.0,0.0
278,2019-04-25 07:09:17,4134,https://en.wikipedia.org,en.wikipedia.org,https://explorer.ooni.io/measurement/20190425T070917Z_AS4134_45hNnx6LkceBitzcVB1oAGfpHyJuKFKR7NkLU5XTCdz2JKVPhy?input=https%3A%2F%2Fen.wikipedia.org,1.0,0.0,0.0,0.0
279,2019-04-25 07:32:52,134238,https://en.wikipedia.org,en.wikipedia.org,https://explorer.ooni.io/measurement/20190425T073252Z_AS134238_Q3wLSK8eADtuH9Q7bFqAbtc8adK8VFjFI2I1f63NZdDHn3ciVN?input=https%3A%2F%2Fen.wikipedia.org,1.0,0.0,0.0,0.0
280,2019-04-25 07:35:45,4837,https://en.wikipedia.org,en.wikipedia.org,https://explorer.ooni.io/measurement/20190425T073545Z_AS4837_sM9uL639sAqOgdNOykHV9ra1Oh05M0NAAEl1C07R9XXJvZ2eGY?input=https%3A%2F%2Fen.wikipedia.org,1.0,0.0,0.0,0.0
281,2019-04-25 09:13:26,23724,https://www.wikipedia.org/,www.wikipedia.org,https://explorer.ooni.io/measurement/20190425T091326Z_AS23724_ZNKwQM35rwKD58og9HuZCICJA89Doe4FFdZlvKh98QxfNeSmAj?input=https%3A%2F%2Fwww.wikipedia.org%2F,1.0,0.0,0.0,0.0
282,2019-04-25 09:14:52,23724,https://de.wikipedia.org/,de.wikipedia.org,https://explorer.ooni.io/measurement/20190425T091326Z_AS23724_ZNKwQM35rwKD58og9HuZCICJA89Doe4FFdZlvKh98QxfNeSmAj?input=https%3A%2F%2Fde.wikipedia.org%2F,1.0,0.0,0.0,0.0
283,2019-04-25 09:15:38,23724,https://fr.m.wikipedia.org/,fr.m.wikipedia.org,https://explorer.ooni.io/measurement/20190425T091326Z_AS23724_ZNKwQM35rwKD58og9HuZCICJA89Doe4FFdZlvKh98QxfNeSmAj?input=https%3A%2F%2Ffr.m.wikipedia.org%2F,1.0,0.0,0.0,0.0
284,2019-04-25 09:15:44,23724,https://ca.wikipedia.org/,ca.wikipedia.org,https://explorer.ooni.io/measurement/20190425T091326Z_AS23724_ZNKwQM35rwKD58og9HuZCICJA89Doe4FFdZlvKh98QxfNeSmAj?input=https%3A%2F%2Fca.wikipedia.org%2F,1.0,0.0,0.0,0.0
285,2019-04-25 09:16:08,23724,https://zh.wikipedia.org/,zh.wikipedia.org,https://explorer.ooni.io/measurement/20190425T091326Z_AS23724_ZNKwQM35rwKD58og9HuZCICJA89Doe4FFdZlvKh98QxfNeSmAj?input=https%3A%2F%2Fzh.wikipedia.org%2F,1.0,0.0,0.0,0.0
286,2019-04-25 09:16:14,23724,https://ja.wikipedia.org/,ja.wikipedia.org,https://explorer.ooni.io/measurement/20190425T091326Z_AS23724_ZNKwQM35rwKD58og9HuZCICJA89Doe4FFdZlvKh98QxfNeSmAj?input=https%3A%2F%2Fja.wikipedia.org%2F,1.0,0.0,0.0,0.0
287,2019-04-25 09:20:20,4134,https://es.wikipedia.org/,es.wikipedia.org,https://explorer.ooni.io/measurement/20190425T091831Z_AS4134_P3DLyzCTNUSvPo4sgDSHxlp1gtC8C9YDV35s3eEq5qPqhuAfzL?input=https%3A%2F%2Fes.wikipedia.org%2F,1.0,0.0,0.0,0.0
288,2019-04-25 09:20:24,4134,https://es.m.wikipedia.org/,es.m.wikipedia.org,https://explorer.ooni.io/measurement/20190425T091831Z_AS4134_P3DLyzCTNUSvPo4sgDSHxlp1gtC8C9YDV35s3eEq5qPqhuAfzL?input=https%3A%2F%2Fes.m.wikipedia.org%2F,1.0,0.0,0.0,0.0
289,2019-04-25 09:22:14,4134,https://ru.m.wikipedia.org/,ru.m.wikipedia.org,https://explorer.ooni.io/measurement/20190425T091831Z_AS4134_P3DLyzCTNUSvPo4sgDSHxlp1gtC8C9YDV35s3eEq5qPqhuAfzL?input=https%3A%2F%2Fru.m.wikipedia.org%2F,1.0,0.0,0.0,0.0
290,2019-04-25 09:23:30,4134,https://fr.m.wikipedia.org/,fr.m.wikipedia.org,https://explorer.ooni.io/measurement/20190425T091831Z_AS4134_P3DLyzCTNUSvPo4sgDSHxlp1gtC8C9YDV35s3eEq5qPqhuAfzL?input=https%3A%2F%2Ffr.m.wikipedia.org%2F,1.0,0.0,0.0,0.0
291,2019-04-25 09:24:36,4134,https://zh.m.wikipedia.org/,zh.m.wikipedia.org,https://explorer.ooni.io/measurement/20190425T091831Z_AS4134_P3DLyzCTNUSvPo4sgDSHxlp1gtC8C9YDV35s3eEq5qPqhuAfzL?input=https%3A%2F%2Fzh.m.wikipedia.org%2F,1.0,0.0,0.0,0.0
292,2019-04-25 09:24:40,4134,https://ja.wikipedia.org/,ja.wikipedia.org,https://explorer.ooni.io/measurement/20190425T091831Z_AS4134_P3DLyzCTNUSvPo4sgDSHxlp1gtC8C9YDV35s3eEq5qPqhuAfzL?input=https%3A%2F%2Fja.wikipedia.org%2F,1.0,0.0,0.0,0.0
293,2019-04-25 09:25:28,4134,https://it.wikipedia.org/,it.wikipedia.org,https://explorer.ooni.io/measurement/20190425T091831Z_AS4134_P3DLyzCTNUSvPo4sgDSHxlp1gtC8C9YDV35s3eEq5qPqhuAfzL?input=https%3A%2F%2Fit.wikipedia.org%2F,1.0,0.0,0.0,0.0
294,2019-04-25 09:25:28,4134,https://ja.m.wikipedia.org/,ja.m.wikipedia.org,https://explorer.ooni.io/measurement/20190425T091831Z_AS4134_P3DLyzCTNUSvPo4sgDSHxlp1gtC8C9YDV35s3eEq5qPqhuAfzL?input=https%3A%2F%2Fja.m.wikipedia.org%2F,1.0,0.0,0.0,0.0
295,2019-04-25 09:25:32,4134,https://it.m.wikipedia.org/,it.m.wikipedia.org,https://explorer.ooni.io/measurement/20190425T091831Z_AS4134_P3DLyzCTNUSvPo4sgDSHxlp1gtC8C9YDV35s3eEq5qPqhuAfzL?input=https%3A%2F%2Fit.m.wikipedia.org%2F,1.0,0.0,0.0,0.0
296,2019-04-25 11:46:51,4134,https://ar.wikipedia.org,ar.wikipedia.org,https://explorer.ooni.io/measurement/20190425T114650Z_AS4134_kOWuSAZQt0LhyZijQN6xKVhgDLtrhVpcWa6PRQuZKQOaKqH3Xr?input=https%3A%2F%2Far.wikipedia.org,1.0,0.0,0.0,0.0
297,2019-04-25 11:46:51,4134,https://en.m.wikipedia.org,en.m.wikipedia.org,https://explorer.ooni.io/measurement/20190425T114650Z_AS4134_kOWuSAZQt0LhyZijQN6xKVhgDLtrhVpcWa6PRQuZKQOaKqH3Xr?input=https%3A%2F%2Fen.m.wikipedia.org,0.0,0.0,1.0,0.0
298,2019-04-25 11:46:51,4134,https://en.wikipedia.org,en.wikipedia.org,https://explorer.ooni.io/measurement/20190425T114650Z_AS4134_kOWuSAZQt0LhyZijQN6xKVhgDLtrhVpcWa6PRQuZKQOaKqH3Xr?input=https%3A%2F%2Fen.wikipedia.org,1.0,0.0,0.0,0.0
299,2019-04-25 11:46:51,4134,https://www.wikipedia.org,www.wikipedia.org,https://explorer.ooni.io/measurement/20190425T114650Z_AS4134_kOWuSAZQt0LhyZijQN6xKVhgDLtrhVpcWa6PRQuZKQOaKqH3Xr?input=https%3A%2F%2Fwww.wikipedia.org,1.0,0.0,0.0,0.0
300,2019-04-25 11:48:24,4134,https://ar.m.wikipedia.org,ar.m.wikipedia.org,https://explorer.ooni.io/measurement/20190425T114650Z_AS4134_kOWuSAZQt0LhyZijQN6xKVhgDLtrhVpcWa6PRQuZKQOaKqH3Xr?input=https%3A%2F%2Far.m.wikipedia.org,1.0,0.0,0.0,0.0
301,2019-04-25 11:48:54,4134,https://es.wikipedia.org,es.wikipedia.org,https://explorer.ooni.io/measurement/20190425T114650Z_AS4134_kOWuSAZQt0LhyZijQN6xKVhgDLtrhVpcWa6PRQuZKQOaKqH3Xr?input=https%3A%2F%2Fes.wikipedia.org,1.0,0.0,0.0,0.0
302,2019-04-25 11:49:03,4134,https://es.m.wikipedia.org,es.m.wikipedia.org,https://explorer.ooni.io/measurement/20190425T114650Z_AS4134_kOWuSAZQt0LhyZijQN6xKVhgDLtrhVpcWa6PRQuZKQOaKqH3Xr?input=https%3A%2F%2Fes.m.wikipedia.org,1.0,0.0,0.0,0.0
303,2019-04-25 11:49:25,4134,https://de.wikipedia.org,de.wikipedia.org,https://explorer.ooni.io/measurement/20190425T114650Z_AS4134_kOWuSAZQt0LhyZijQN6xKVhgDLtrhVpcWa6PRQuZKQOaKqH3Xr?input=https%3A%2F%2Fde.wikipedia.org,1.0,0.0,0.0,0.0
304,2019-04-25 11:50:57,4134,https://de.m.wikipedia.org,de.m.wikipedia.org,https://explorer.ooni.io/measurement/20190425T114650Z_AS4134_kOWuSAZQt0LhyZijQN6xKVhgDLtrhVpcWa6PRQuZKQOaKqH3Xr?input=https%3A%2F%2Fde.m.wikipedia.org,1.0,0.0,0.0,0.0
305,2019-04-25 11:50:57,4134,https://ru.wikipedia.org,ru.wikipedia.org,https://explorer.ooni.io/measurement/20190425T114650Z_AS4134_kOWuSAZQt0LhyZijQN6xKVhgDLtrhVpcWa6PRQuZKQOaKqH3Xr?input=https%3A%2F%2Fru.wikipedia.org,1.0,0.0,0.0,0.0
306,2019-04-25 11:51:27,4134,https://ru.m.wikipedia.org,ru.m.wikipedia.org,https://explorer.ooni.io/measurement/20190425T114650Z_AS4134_kOWuSAZQt0LhyZijQN6xKVhgDLtrhVpcWa6PRQuZKQOaKqH3Xr?input=https%3A%2F%2Fru.m.wikipedia.org,1.0,0.0,0.0,0.0
307,2019-04-25 11:51:35,4134,https://fr.wikipedia.org,fr.wikipedia.org,https://explorer.ooni.io/measurement/20190425T114650Z_AS4134_kOWuSAZQt0LhyZijQN6xKVhgDLtrhVpcWa6PRQuZKQOaKqH3Xr?input=https%3A%2F%2Ffr.wikipedia.org,1.0,0.0,0.0,0.0
308,2019-04-25 11:53:34,4134,https://fr.m.wikipedia.org,fr.m.wikipedia.org,https://explorer.ooni.io/measurement/20190425T114650Z_AS4134_kOWuSAZQt0LhyZijQN6xKVhgDLtrhVpcWa6PRQuZKQOaKqH3Xr?input=https%3A%2F%2Ffr.m.wikipedia.org,1.0,0.0,0.0,0.0
309,2019-04-25 11:53:39,4134,https://ca.wikipedia.org,ca.wikipedia.org,https://explorer.ooni.io/measurement/20190425T114650Z_AS4134_kOWuSAZQt0LhyZijQN6xKVhgDLtrhVpcWa6PRQuZKQOaKqH3Xr?input=https%3A%2F%2Fca.wikipedia.org,1.0,0.0,0.0,0.0
310,2019-04-25 11:54:01,4134,https://ca.m.wikipedia.org,ca.m.wikipedia.org,https://explorer.ooni.io/measurement/20190425T114650Z_AS4134_kOWuSAZQt0LhyZijQN6xKVhgDLtrhVpcWa6PRQuZKQOaKqH3Xr?input=https%3A%2F%2Fca.m.wikipedia.org,1.0,0.0,0.0,0.0
311,2019-04-25 11:54:07,4134,https://zh.wikipedia.org,zh.wikipedia.org,https://explorer.ooni.io/measurement/20190425T114650Z_AS4134_kOWuSAZQt0LhyZijQN6xKVhgDLtrhVpcWa6PRQuZKQOaKqH3Xr?input=https%3A%2F%2Fzh.wikipedia.org,1.0,0.0,0.0,0.0
312,2019-04-25 11:55:36,4134,https://zh.m.wikipedia.org,zh.m.wikipedia.org,https://explorer.ooni.io/measurement/20190425T114650Z_AS4134_kOWuSAZQt0LhyZijQN6xKVhgDLtrhVpcWa6PRQuZKQOaKqH3Xr?input=https%3A%2F%2Fzh.m.wikipedia.org,1.0,0.0,0.0,0.0
313,2019-04-25 11:56:03,4134,https://ja.wikipedia.org,ja.wikipedia.org,https://explorer.ooni.io/measurement/20190425T114650Z_AS4134_kOWuSAZQt0LhyZijQN6xKVhgDLtrhVpcWa6PRQuZKQOaKqH3Xr?input=https%3A%2F%2Fja.wikipedia.org,1.0,0.0,0.0,0.0
314,2019-04-25 11:56:10,4134,https://ja.m.wikipedia.org,ja.m.wikipedia.org,https://explorer.ooni.io/measurement/20190425T114650Z_AS4134_kOWuSAZQt0LhyZijQN6xKVhgDLtrhVpcWa6PRQuZKQOaKqH3Xr?input=https%3A%2F%2Fja.m.wikipedia.org,1.0,0.0,0.0,0.0
315,2019-04-25 11:56:40,4134,https://it.wikipedia.org,it.wikipedia.org,https://explorer.ooni.io/measurement/20190425T114650Z_AS4134_kOWuSAZQt0LhyZijQN6xKVhgDLtrhVpcWa6PRQuZKQOaKqH3Xr?input=https%3A%2F%2Fit.wikipedia.org,1.0,0.0,0.0,0.0
316,2019-04-25 11:57:38,4134,https://it.m.wikipedia.org,it.m.wikipedia.org,https://explorer.ooni.io/measurement/20190425T114650Z_AS4134_kOWuSAZQt0LhyZijQN6xKVhgDLtrhVpcWa6PRQuZKQOaKqH3Xr?input=https%3A%2F%2Fit.m.wikipedia.org,1.0,0.0,0.0,0.0
317,2019-04-25 12:13:47,4837,https://ja.wikipedia.org/,ja.wikipedia.org,https://explorer.ooni.io/measurement/20190425T121339Z_AS4837_i9E9ZzSSoWJm9KzjYewhey6kicgjtsUDyCkyZkKM7WhpJFd2Ud?input=https%3A%2F%2Fja.wikipedia.org%2F,1.0,0.0,0.0,0.0
318,2019-04-27 12:36:08,4134,https://en.wikipedia.org/,en.wikipedia.org,https://explorer.ooni.io/measurement/20190427T123455Z_AS4134_i9XKCtPHIp8fQBAQSSMkNSBnZD9YxryuiWo189B9lmj61GNA13?input=https%3A%2F%2Fen.wikipedia.org%2F,1.0,0.0,0.0,0.0
319,2019-04-28 12:32:23,4837,https://pt.m.wikipedia.org/,pt.m.wikipedia.org,https://explorer.ooni.io/measurement/20190428T123200Z_AS4837_aaZHIyuhDZEM9I6DTtjGU0FTwzQYQqvWNYrf3Ul2WSLhhg7Juo?input=https%3A%2F%2Fpt.m.wikipedia.org%2F,1.0,0.0,0.0,0.0
320,2019-05-01 00:37:12,4134,https://en.m.wikipedia.org/,en.m.wikipedia.org,https://explorer.ooni.io/measurement/20190501T003525Z_AS4134_e2JLQ70KIR1RDw859wHBT0lIwVcJw31lvwiGB3dsjEAfa7Jzyx?input=https%3A%2F%2Fen.m.wikipedia.org%2F,0.0,0.0,1.0,0.0
