input,blk_cnt,test_cnt,rate
http://25janaer.blogspot.com/,3,3,1
http://198.175.124.185,3,3,1
http://www.salam.nu/,3,3,1
http://tournews.ar.nf,3,3,1
http://www.eyeoftheday.org/,3,3,1
https://thawrah2day.com,3,3,1
https://www.googleadservices.com,8,8,1
http://marsad-egypt.info,3,3,1
http://cencos.org/,3,3,1
http://www.premaritalsex.info,1,1,1
https://zeronet.io/,1,1,1
https://www.linkedin.com,1,1,1
https://www.filfan.com,1,1,1
http://ooni.torproject.org/,1,1,1
http://www.raya.com/,3,3,1
http://www.cluw.org/,3,3,1
http://filfan.com,1,1,1
https://www.top10bestvpn.com,1,1,1
http://www.qantara.de/,3,3,1
http://ww.almasryalyoum.com,1,1,1
http://www.rsf.org/,3,3,1
http://www.manalaa.net/,6,6,1
http://filfan.com/,1,1,1
http://www.aboshreek.com/,1,1,1
http://www.amateurpages.com,1,1,1
http://khatab38.blogspot.com/,3,3,1
http://wednane3ish.katib.org/,3,3,1
http://www.rsf.fr/,3,3,1
http://hrw.org/,3,3,1
https://gamaltaha.wordpress.com/,3,3,1
http://aljazeera.net,3,3,1
http://baheyya.blogspot.com/,6,6,1
http://www.aljazeera.net/,3,3,1
http://ikhwanonline.com,3,3,1
http://hrw.org,3,3,1
http://zeronet.io,1,1,1
https://rsf.org/,176,185,0.95
https://thehiddenwiki.org,166,174,0.95
http://www.wzo.org.il,194,207,0.94
http://amlalommah.net,191,207,0.92
http://www.isa.gov.il,174,189,0.92
https://ooni.torproject.org,168,184,0.91
http://www.egyptwindow.net,183,202,0.91
http://www.ikhwanwiki.com,181,202,0.9
https://www.torproject.org,150,166,0.9
http://www.amlalommah.net,180,200,0.9
https://www.reporter-ohne-grenzen.de,136,151,0.9
http://www.fj-p.com,182,202,0.9
http://egyptwindow.net/,174,196,0.89
https://explorer.ooni.torproject.org,168,190,0.88
http://rassd.com,184,209,0.88
http://ikshef.com,164,187,0.88
http://www.templeinstitute.org,162,187,0.87
http://hasamegypt.com,177,204,0.87
https://hasamegypt.com,143,165,0.87
http://www.qantara.de,161,186,0.87
https://bridges.torproject.org,163,188,0.87
http://alaraby.co.uk/,139,160,0.87
http://www.iaf.org.il,163,188,0.87
https://www.dakahliaikhwan.com,138,161,0.86
http://www.ec-rf.org,152,177,0.86
http://ida2at.com,171,200,0.86
http://www.aljazeera.net,189,221,0.86
http://turkpress.co,172,203,0.85
http://fakartany.com,167,197,0.85
https://www.egyptwindow.net,140,164,0.85
http://www.alamatonline.com,168,198,0.85
https://www.essada.net,141,166,0.85
http://www.mom-rsf.org,150,177,0.85
https://almanassa.com,143,169,0.85
http://www.cairoportal.com,178,210,0.85
http://dailynewsegypt.com,178,211,0.84
https://almesryoon.com,138,164,0.84
http://almanassa.com,171,204,0.84
http://akhbaralsabah.com,173,206,0.84
http://www.bel-ahmar.net,158,188,0.84
http://ansarportsaed.com,169,201,0.84
http://sasapost.com,170,203,0.84
http://madaad.net,173,207,0.84
http://almesryoon.com,174,208,0.84
http://wamtimes.com,172,204,0.84
http://6april.org,172,205,0.84
http://www.gharbiaonline.com,167,198,0.84
https://www.thehiddenwiki.org,134,161,0.83
http://www.alborsanews.com,175,211,0.83
https://www.hotspotshield.com/,148,179,0.83
http://marsadpress.net,170,206,0.83
http://raya.com/,163,197,0.83
http://www.hsselite.com,165,199,0.83
http://www.watanserb.com,164,197,0.83
http://alkessa.com,172,206,0.83
http://www.ikshef.com,156,187,0.83
http://www.masr11.com,166,201,0.83
http://ikhwanonline.com/,355,426,0.83
http://www.alalam.ir,175,212,0.83
http://akhbarturkiya.com,172,206,0.83
http://alalam.ir,170,206,0.83
http://www.al-sharq.com,166,199,0.83
http://www.elborsanews.com,171,209,0.82
http://masralarabia.com/,161,197,0.82
http://turk.life,166,202,0.82
http://www.sharkiaonline.com,164,200,0.82
http://www.dailysabah.com,163,200,0.82
http://www.dailynewsegypt.com,164,201,0.82
http://www.hotspotshield.com,147,179,0.82
http://hamas.ps,171,209,0.82
http://www.alaraby.co.uk,166,203,0.82
https://www.alaraby.co.uk,140,171,0.82
http://elbadil.com,169,206,0.82
http://nabdapp.com/,162,198,0.82
http://alaraby.tv,166,206,0.81
http://elbehira.net,167,205,0.81
http://akhbaralaalam.net,167,207,0.81
http://www.gwady.net,160,198,0.81
http://huffpostarabi.com/,160,197,0.81
http://www.ansarportsaed.com,160,198,0.81
http://qalyubiagate.com,166,205,0.81
http://cairoportal.com/,159,196,0.81
http://www.noonpost.org,163,201,0.81
https://al-gornal.com,134,167,0.8
http://hamas.ps/ar/,167,208,0.8
http://www.elwehda.com,161,201,0.8
http://www.aljazeera.net/portal,168,210,0.8
http://www.egyrep.com,162,202,0.8
http://elshaab.org/,158,197,0.8
http://kh-press.com,164,205,0.8
http://www.ikhwanonline.com,161,202,0.8
http://www.elshaab.org,162,202,0.8
http://www.aljazeera.com,168,209,0.8
http://arab-turkey.com,163,203,0.8
http://www.waraa-elahdath.com,161,201,0.8
http://al-sharq.com/,156,195,0.8
http://www.alahraam.com,157,197,0.8
http://www.egyptdailynews.com,161,204,0.79
http://www.jatoeg.org,137,173,0.79
http://elsharq.web.tv,162,206,0.79
http://www.moheet.com,166,209,0.79
http://learning.aljazeera.net/arabic,156,197,0.79
http://www.nabdapp.com,158,200,0.79
http://www.sinaihr.org,165,210,0.79
http://www.tiranwsanafir.com,158,201,0.79
http://www.aljisr-news.com,156,201,0.78
http://harmees.com,161,206,0.78
http://motamemservice.com,159,205,0.78
http://www.huffpostarabi.com,157,202,0.78
http://liberties.aljazeera.com/,153,196,0.78
http://www.arabsolaa.com,159,203,0.78
http://www.ikhwanonline.com/new/Default.aspx,161,207,0.78
http://www.masralarabia.com,158,203,0.78
http://www.hurriyetdailynews.com,158,202,0.78
http://albedaiah.com,160,209,0.77
http://revsoc.me,158,206,0.77
https://ahmedgamalziada.blogspot.com.eg,117,151,0.77
http://www.raya.com,155,201,0.77
http://www.fekrapost.com,147,190,0.77
http://www.defenceweb.co.za,144,188,0.77
https://www.sinaihr.org/,122,159,0.77
http://www.asrararabiya.com,154,199,0.77
http://learning.aljazeera.net,158,205,0.77
http://studies.aljazeera.net,156,205,0.76
http://blogs.aljazeera.net,156,206,0.76
http://sport.aljazeera.net,156,205,0.76
http://institute.aljazeera.net,156,206,0.76
http://www.masrmix.com,152,199,0.76
http://yanairgate.net,153,201,0.76
https://www.al-akhbar.com/,3,4,0.75
http://www.al-akhbar.com/,3,4,0.75
http://www.raya.com/portal,156,208,0.75
http://www.filfan.com,3,4,0.75
http://doc.aljazeera.net,157,208,0.75
http://midan.aljazeera.net,156,207,0.75
https://www.hotspotshield.com,121,162,0.75
http://www.alscene.com,148,200,0.74
http://balkans.aljazeera.net,154,207,0.74
http://www.ardmasr.com,147,201,0.73
http://baheyya.blogspot.com,152,212,0.72
http://www.korabia.com,138,197,0.7
http://www.umayyapress.com,131,187,0.7
http://klmty.net,146,212,0.69
http://madamasr.com,145,212,0.68
http://asayelgroup.com,2,3,0.67
http://www.thenewkhalij.org,2,3,0.67
http://omeldunya.com,2,3,0.67
http://www.manalaa.net,138,207,0.67
http://textsecure-service-ca.whispersystems.org,2,3,0.67
http://ensankhorda.manalaa.net/,2,3,0.67
http://ikhnaton2.manalaa.net/,2,3,0.67
http://nadimyat.manalaa.net/,2,3,0.67
http://otherthings.manalaa.net/,2,3,0.67
http://jarelkamar.manalaa.net/,4,6,0.67
http://endehash.manalaa.net/,2,3,0.67
http://africano.manalaa.net/,2,3,0.67
http://shadow.manalaa.net/,2,3,0.67
https://www.hrw.org/,116,176,0.66
http://www.suedeproxy.info,106,177,0.6
http://www.al-watan.com,121,207,0.58
http://thedailynewsegypt.com,105,184,0.57
https://psiphon.ca,80,143,0.56
https://www.atbrownies.blogspot.com.eg,78,141,0.55
https://www.ultrasawt.com,81,152,0.53
http://www.arabyexpressnews.com,108,204,0.53
http://www.webproxyfree.net,93,177,0.53
http://www.saoudiproxy.info,92,178,0.52
http://www.thepeninsulaqatar.com,84,176,0.48
http://arabi21.com,89,185,0.48
http://www.http-tunnel.com,187,393,0.48
https://www.fanfiction.net/,86,182,0.47
http://medium.com,86,184,0.47
https://www.anonymizer.com/,83,178,0.47
https://psiphon.ca/,86,189,0.46
http://www.ninjaweb.xyz,75,163,0.46
http://www.unblockweb.co,76,165,0.46
http://www.anonymizer.com,74,166,0.45
http://www.hidester.com,71,159,0.45
http://www.zacebookpk.com,68,154,0.44
http://www.freeproxyserver.co,71,162,0.44
http://www.unblockfreeproxy.com,72,165,0.44
http://www.orangeproxy.net,72,165,0.44
http://www.cactusvpn.com,71,162,0.44
http://www.alarab.qa,88,206,0.43
http://www.vpnbook.com,76,178,0.43
http://www.unblockvideos.com,69,162,0.43
http://alarab.qa/,85,197,0.43
http://www.perfect-privacy.com,68,158,0.43
http://www.gulf-times.com,86,202,0.43
http://stealthy.co,66,152,0.43
http://www.easy-hide-ip.com,68,159,0.43
http://www.betternet.co,70,165,0.42
http://ikhwanonline.info/,83,196,0.42
http://www.hideipvpn.com,67,158,0.42
http://www.disconnect.me,70,165,0.42
http://www.mod.gov.il,78,187,0.42
http://proxybonanza.com,63,150,0.42
https://freenetproject.org/,79,190,0.42
http://www.eicds.org,85,208,0.41
http://www.northghost.com,71,174,0.41
http://www.proxy-list.org,76,187,0.41
http://masreiat.com,84,205,0.41
http://www.anhri.net,86,212,0.41
https://web.archive.org,59,143,0.41
http://www.unblockallwebsite.com,65,163,0.4
http://www.atozproxy.com,66,166,0.4
http://www.odsh.win,70,175,0.4
http://www.mekameleen.tv,80,200,0.4
http://www.proxyserver.com,66,163,0.4
http://www.avpn.win,70,174,0.4
https://freenetproject.org,57,143,0.4
http://www.hola.org,75,187,0.4
http://www.proxydocker.com,66,165,0.4
http://www.proxtube.com,65,165,0.39
http://www.unblockproxy.xyz,67,170,0.39
http://www.llowll.net,71,182,0.39
http://www.freeproxy.asia,64,164,0.39
http://www.qtv.qa,79,201,0.39
http://www.dacd.win,67,174,0.39
http://www.vpn.ht,59,153,0.39
http://de.lirio.us,92,236,0.39
http://www.uswebproxy.com,69,177,0.39
http://www.bvpn.win,68,174,0.39
http://www.windscribe.com,61,155,0.39
http://www.dolopo.net,71,182,0.39
http://www.top10bestvpn.com,59,152,0.39
http://www.netherlandsproxyserver.club,67,174,0.39
http://www.accessproxy.science,71,184,0.39
http://www.surfweb.gq,69,177,0.39
http://www.genmirror.com,63,163,0.39
http://www.proxycloud.net,69,179,0.39
http://www.venus.com/,81,207,0.39
http://www.ispunblock.com,69,183,0.38
http://www.airvpn.org,61,162,0.38
http://www.helloproxy.science,69,182,0.38
http://www.456proxy.ml,66,176,0.38
https://www.ipvanish.com/,68,178,0.38
http://www.11proxy.pw,70,186,0.38
https://www.ipredator.se/,67,176,0.38
http://www.huffingtonpost.com,73,190,0.38
http://www.gizlenin.com,63,167,0.38
http://www.bitchop.net,62,162,0.38
http://www.ipvanish.com,62,165,0.38
http://www.free-proxy.xyz,69,183,0.38
http://www.unblockytproxy.com,71,187,0.38
http://www.otlp.xyz,68,179,0.38
http://www.9proxy.space,67,175,0.38
http://vpnfacile.net,65,178,0.37
http://www.5proxy.space,65,176,0.37
http://www.publicproxyservers.com,67,179,0.37
http://www.megaproxy.com,57,155,0.37
http://www.buqd.xyz,65,175,0.37
http://www.rexoss.com,66,179,0.37
http://www.vpnsecure.me,59,161,0.37
http://www.678proxy.ml,65,175,0.37
http://www.sumrando.com,61,165,0.37
http://www.torvpn.com,56,153,0.37
http://www.secretproxy.org,67,179,0.37
http://www.0proxy.space,64,174,0.37
http://www.8proxy.space,64,175,0.37
http://www.345proxy.ml,65,175,0.37
http://www.itshidden.eu,67,183,0.37
http://www.idolproxy.com,69,186,0.37
http://www.hopeproxy.com,68,182,0.37
http://www.tomatoproxy.eu,69,187,0.37
http://www.bananaproxy.eu,65,175,0.37
http://www.vpnlux.com,57,155,0.37
http://www.befreeproxy.com,64,175,0.37
http://mubasher.aljazeera.net,76,208,0.37
http://pzou.win,65,174,0.37
http://www.789proxy.cf,64,175,0.37
http://www.hiload.in,66,182,0.36
http://www.unotelly.com,54,152,0.36
http://www.mullvad.net,58,159,0.36
http://www.my-proxy.com,60,165,0.36
http://www.free-proxy-list.net,59,164,0.36
http://tunnelguru.com,55,152,0.36
http://www.ivacy.com,58,160,0.36
http://www.smarthide.com,64,178,0.36
http://www.yxorproxy.com,62,172,0.36
http://www.proxy-service.de,59,165,0.36
http://www.web-proxy.co,63,177,0.36
http://www.englandproxy.co.uk,68,187,0.36
http://www.proxyeuro.pw,63,174,0.36
http://www.pandashield.com,68,187,0.36
http://www.kingsurfproxy.com,66,183,0.36
http://www.prx.im,67,187,0.36
http://www.applepieproxy.xyz,66,184,0.36
http://www.tabproxy.com,63,177,0.36
http://www.websurf.in,59,164,0.36
http://www.hidemebro.com,60,165,0.36
http://www.proxyisp.com,64,179,0.36
http://www.unblockmyweb.com,64,176,0.36
https://www.megaproxy.com,63,173,0.36
http://www.proxynova.com,59,165,0.36
http://www.mainproxy.pw,62,174,0.36
http://www.homeproxy.com,59,165,0.36
http://www.maddw.com,66,182,0.36
http://www.overplay.net,55,157,0.35
http://www.showvision.info,60,173,0.35
http://www.shinyproxy.com,62,179,0.35
http://www.filterbypass.me,53,152,0.35
http://www.getfoxyproxy.org,58,165,0.35
http://www.youtubeproxy.pw,61,173,0.35
http://www.sslproxies.org,57,162,0.35
http://www.ipredator.se,56,161,0.35
http://www.us-proxy.org,58,164,0.35
http://www.luminati.io,58,166,0.35
http://www.instantunblock.com,57,161,0.35
http://www.gowebsite.link,63,182,0.35
http://www.switchvpn.net,54,154,0.35
http://www.freewebproxyserver.pw,62,175,0.35
http://www.proxysite.com,58,164,0.35
http://www.undofilters.com,58,165,0.35
http://www.hollandproxy.eu,62,175,0.35
http://www.invisiblesurf.review,62,175,0.35
http://www.yellowproxy.net,57,164,0.35
http://www.gimmeproxy.com,65,187,0.35
http://steadyproxy.cf,58,173,0.34
http://www.videounblocker.net,59,176,0.34
http://steadyproxy.ga,59,173,0.34
http://www.proxify.com,56,163,0.34
http://www.freshfreeproxy.ga,59,175,0.34
http://www.unblock123.com,60,176,0.34
http://www.ourwebproxy.ml,60,174,0.34
http://www.relakks.com,54,157,0.34
http://www.unblock-sites.com,52,153,0.34
http://cyberghostvpn.com,69,204,0.34
http://www.site2unblock.com,60,178,0.34
http://www.notaproxy.co.uk,61,180,0.34
http://www.nanoproxy.de,62,180,0.34
http://www.ipjetable.net,55,160,0.34
http://www.ninjacloak.com,54,158,0.34
http://www.socks-proxy.net,55,162,0.34
http://www.33proxy.pw,59,175,0.34
http://www.lingeriebowl.com,72,212,0.34
http://www.skullproxy.com,61,178,0.34
http://www.proxprox.com,59,174,0.34
http://www.turkeyproxy.com,58,170,0.34
http://www.newsproxy.xyz,60,175,0.34
http://www.hidenseek.org,53,160,0.33
http://www.freshunblock.gq,57,175,0.33
https://proxify.com/,64,194,0.33
http://www.sabanews.net/,1,3,0.33
http://youngsouls.blogspot.com/,1,3,0.33
http://www.hrw.org/,1,3,0.33
https://dawaalhaq.com/,1,3,0.33
http://www.proxhow.com,59,179,0.33
http://www.speedproxyserver.com,59,179,0.33
http://www.proxyvpn.gq,59,179,0.33
http://www.anonymsurfen.com,132,398,0.33
http://www.proxyjapan.nu,59,179,0.33
http://www.saafi.net/,1,3,0.33
http://www.activewebproxy.cf,57,175,0.33
http://www.match.com,58,176,0.33
http://www.bestvpn.com,54,165,0.33
http://www.bypasstool.gq,57,175,0.33
http://www.takesper.gq,57,173,0.33
http://www.totalvpn.com,61,185,0.33
http://www.22proxy.pw,57,174,0.33
http://www.alhesbah.org,1,3,0.33
http://www.ooproxy.pw,59,180,0.33
https://madamasr.com,1,3,0.33
http://www.internewsarabic.org/,1,3,0.33
http://www.66proxy.pw,58,175,0.33
http://omamh.com,1,3,0.33
http://www.aboshreek.com,1,3,0.33
http://anonym.to,68,205,0.33
http://www.libyanconstitutionalunion.net/,1,3,0.33
https://textsecure-service-ca.whispersystems.org,1,3,0.33
http://www.haydarya.com/,1,3,0.33
http://www.awebproxy.com,55,165,0.33
http://www.anhri.net/,2,6,0.33
http://www.vobas.com,51,154,0.33
http://ww.almasryalyoum.com/,1,3,0.33
http://www.sweatshopwatch.org/,1,3,0.33
http://www.wpfc.org/,2,6,0.33
http://www.unblockproxy.me,56,177,0.32
https://geti2p.net,45,141,0.32
http://www.topproxy.gq,57,176,0.32
http://www.proxfree.com,53,165,0.32
http://www.akproxy.gq,58,184,0.32
http://www.anonym.to,50,154,0.32
http://www.newproxy.ninja,56,175,0.32
http://www.webproxy2.com,57,177,0.32
http://www.wowvpn.net,56,177,0.32
http://www.swissvpn.net,49,155,0.32
http://www.vpntunnel.se,46,143,0.32
http://www.ukproxyserver.co.uk,49,153,0.32
http://www.blewpass.com,56,174,0.32
http://www.accessmeproxy.net,48,150,0.32
http://www.proxy.my-addr.com,57,179,0.32
http://www.unhideing.link,55,173,0.32
http://www.2016webproxy.cf,60,185,0.32
http://www.linkmetube.com,59,182,0.32
http://www.unblockaccess.com,57,176,0.32
http://www.kproxy.com,59,187,0.32
http://www.proxyserver.ovh,57,179,0.32
http://www.vivome.xyz,57,176,0.32
http://www.sslpro.org,58,179,0.32
http://www.bulgariaproxy.net,58,183,0.32
http://www.proxyunblocker.org,59,187,0.32
http://www.thebestproxy.info,55,177,0.31
http://www.usproxy.nu,54,176,0.31
http://www.tinyproxy.ga,53,173,0.31
http://www.2016webproxy.ml,54,175,0.31
http://www.lopana.com,53,172,0.31
http://www.proxyb.com,48,156,0.31
http://www.securewebproxy.gq,54,173,0.31
http://www.sslsecureproxy.com,56,178,0.31
http://www.xitesite.com,54,177,0.31
http://www.supervpn.net,55,178,0.31
http://www.fiberproxy.net,56,183,0.31
http://www.vpn4all.com,54,177,0.31
https://ultrasurf.us,56,180,0.31
http://www.anonymouse.org,57,183,0.31
http://www.freshfreeproxy.gq,55,175,0.31
http://www.vpnworldwide.com,55,177,0.31
http://www.zensur.freerk.com,119,382,0.31
http://www.hidebuzz.us,56,182,0.31
http://www.topnewproxy.gq,54,173,0.31
http://www.proxyforme.ml,56,179,0.31
http://ytunblocker.com,52,172,0.3
http://www.2fastsurfer.com,56,185,0.3
http://www.vidproxy.com,53,176,0.3
http://www.proxyzan.info,53,179,0.3
http://www.phproxy.co,54,180,0.3
http://www.freeproxylists.net,55,184,0.3
http://www.zalmos.com,56,186,0.3
http://www.miniprox.com,55,181,0.3
http://www.spotflux.com,53,175,0.3
http://www.proxyload.net,54,179,0.3
https://getfoxyproxy.org,43,141,0.3
http://www.videounblock.com,53,176,0.3
http://www.freeproxyserver.ovh,56,184,0.3
http://www.hideoxy.com,55,182,0.3
http://www.aceproxy.com,55,184,0.3
http://anonymizer.secuser.com,127,420,0.3
https://www.al-akhbar.com,3,10,0.3
http://www.vload.net,53,176,0.3
http://www.unblockyoutubefree.net,51,176,0.29
http://www.ultrasurf.us,55,187,0.29
http://www.zpn.im,52,179,0.29
http://www.nvpn.net,52,180,0.29
http://www.bramka-proxy.pl,51,175,0.29
http://www.4proxy.de,54,186,0.29
http://www.unblockbook.biz,51,176,0.29
http://www.4everproxy.com,51,175,0.29
http://www.free-proxyserver.com,53,184,0.29
http://www.freeproxy.ru,53,184,0.29
http://www.ibvpn.com,46,161,0.29
http://www.stealthproxy.co.uk,54,187,0.29
http://www.proxylistpro.com,55,187,0.29
http://www.xitenow.com,51,177,0.29
https://www.idcloak.com,46,161,0.29
http://www.proxite.eu,52,179,0.29
http://www.webproxy.to,52,177,0.29
http://www.99proxy.com,52,185,0.28
http://www.fastusaproxy.com,51,182,0.28
http://www.anonymox.net,53,188,0.28
http://www.freeeuroproxy.com,52,184,0.28
http://www.libertyvpn.net,50,181,0.28
http://www.xroxy.com,109,385,0.28
http://www.coolbits.org,51,184,0.28
http://www.quickprox.com,50,179,0.28
http://ultrasurf.us,64,229,0.28
http://www.jmarshall.com/tools/cgiproxy/,107,387,0.28
http://guardster.com/,66,233,0.28
http://www.newipnow.com,50,180,0.28
http://www.proxyweb.com.es,49,173,0.28
http://www.proxy4free.com,50,179,0.28
http://www.proxydb.net,51,179,0.28
http://www.ultimateproxy.net,50,176,0.28
http://www.quickproxy.co.uk,51,179,0.28
http://www.unblockdomain.com,50,176,0.28
http://www.listproxysites.com,52,183,0.28
http://www.unblockstreaming.com,48,176,0.27
http://www.guardster.com,48,178,0.27
http://www.ultimate-anonymity.com,104,380,0.27
http://www.dontfilter.us,50,183,0.27
http://www.proproxy.me,48,179,0.27
http://www.justproxy.co.uk,51,187,0.27
http://www.anonymizer.ru,60,221,0.27
http://www.myusvpn.com,49,180,0.27
http://www.inetprivacy.com,106,397,0.27
http://thegeekdaily.com,46,172,0.27
http://www.proxyarab.com,49,179,0.27
http://www.pinkproxy.xyz,49,179,0.27
http://multiproxy.org/,63,232,0.27
http://www.seeproxy.me,49,180,0.27
http://www.peacefire.org/circumventor/simple-circumventor-instructions.html,58,215,0.27
http://www.yourprivatevpn.com,47,178,0.26
http://www.hideme.be,48,182,0.26
http://peacefire.org/,60,228,0.26
http://www.peacefire.org,47,178,0.26
http://www.unblockblocked.net,45,176,0.26
http://www.gatherproxy.com,48,183,0.26
http://www.school-proxy.net,47,179,0.26
http://multiproxy.org,47,178,0.26
http://www.proxyone.net,48,187,0.26
http://anonymizer.ru,46,177,0.26
http://www.stupidcensorship.com,101,385,0.26
http://www.yourcheat.com,46,177,0.26
http://anonymouse.org,61,241,0.25
http://securefor.com,44,173,0.25
https://www.hidemyass.com/,45,180,0.25
http://www.surfbouncer.com,44,177,0.25
http://www.surfeasy.com,37,154,0.24
http://www.blackvpn.com,38,161,0.24
http://www.hidemyass.com,38,165,0.23
http://www.khrp.org,50,220,0.23
http://www.trust.zone,36,155,0.23
http://www.proxy.world,31,143,0.22
http://www.nordvpn.com,37,165,0.22
http://tunnello.com,31,152,0.2
http://www.thevpn.guru,27,143,0.19
http://www.oovoo.com/,36,188,0.19
https://www.purevpn.com/,32,177,0.18
http://delicious.com,42,229,0.18
http://uproxy.org,26,141,0.18
http://www.tunnelbear.com,28,158,0.18
http://www.le-vpn.com,26,151,0.17
http://www.torguard.net,26,157,0.17
http://www.hide-my-ip.com,28,161,0.17
http://www.purevpn.com,26,155,0.17
http://zamakan.gharbeia.org/,1,6,0.17
http://www.safervpn.com,26,153,0.17
http://www.awmproxy.com,26,159,0.16
http://www.zend2.com,26,164,0.16
http://www.cyberghostvpn.com,28,173,0.16
http://www.zetasurf.info,27,173,0.16
http://tunnelbear.com,27,177,0.15
https://www.ampproject.org,1,8,0.13
http://www.proxy-deal.xyz,19,179,0.11
http://elbadil.net,21,186,0.11
http://horriapost.net,23,213,0.11
http://www.kcna.kp,22,218,0.1
http://www.iwantim.com,19,213,0.09
http://www.zendproxy.com,15,158,0.09
http://www.proxyweb.net,19,211,0.09
http://www.babylon-x.com,16,212,0.08
http://securevpn.com,13,170,0.08
http://masralekhbaria.com,14,206,0.07
http://www.alshaab.com,14,210,0.07
https://www.skype.com/,12,170,0.07
http://www.roxypalace.com,10,174,0.06
http://zenvpn.net,11,195,0.06
http://www.royalvegas.com,10,175,0.06
http://www.democracycaucus.net,12,218,0.06
http://www.tigervpn.com,11,198,0.06
http://www.grandonline.com,9,173,0.05
http://www.pornhub.com/,9,174,0.05
http://www.spinpalace.com,9,172,0.05
http://www.people.com.cn,11,210,0.05
http://www.163.com,9,226,0.04
http://www.slotland.com,6,169,0.04
http://del.icio.us,8,189,0.04
http://www.xeronet.xyz,7,163,0.04
http://www.23.org,10,224,0.04
http://www.goldenrivieracasino.com,8,179,0.04
http://www.sportsinteraction.com,8,207,0.04
https://www.bme.com/,8,180,0.04
https://dawaalhaq.com,5,151,0.03
http://www.datpiff.com,6,218,0.03
http://www.moderndrunkardmagazine.com,7,213,0.03
http://www.topcities.com,6,213,0.03
http://www.vpnbrowse.com,6,177,0.03
http://tortureinegypt.net,5,193,0.03
http://www.fepproject.org,6,222,0.03
https://gpgtools.org,3,193,0.02
https://global.blackberry.com/en/home.html,3,192,0.02
http://www.pof.com,3,176,0.02
http://translation2.paralink.com,4,233,0.02
http://www.piratpartiet.se,3,177,0.02
http://www.boomproxy.com,4,184,0.02
http://hotmail.msn.com,3,183,0.02
http://bravotube.net,3,190,0.02
http://www.gotgayporn.com,4,180,0.02
http://www.freehomepage.com/,5,216,0.02
http://www.vatican.va,4,211,0.02
https://www.blogger.com/,3,182,0.02
http://www.barnesandnoble.com/,3,175,0.02
http://www.pgp.com,3,175,0.02
http://www.proxy.yt,4,177,0.02
http://www.idsoftware.com,3,181,0.02
http://astalavista.box.sk,3,241,0.01
https://www.postmaster.co.uk/,2,171,0.01
https://www.tumblr.com/,1,169,0.01
https://www.gmail.com,1,178,0.01
https://www.piratenpartei.ch/,1,177,0.01
http://adultfriendfinder.com,1,191,0.01
https://login.infomaniak.com/loginWebmail,1,186,0.01
https://nmap.org/,1,184,0.01
http://www.algomhuria.net.eg,2,209,0.01
http://www.hitler.org,3,215,0.01
https://www.un.int/,1,165,0.01
http://www.realbeer.com,2,213,0.01
https://tinyurl.com,1,185,0.01
http://www.tango.me,1,172,0.01
http://www.tialsoft.com/download/,1,191,0.01
https://mail.yandex.ru,1,185,0.01
http://www.radicalparty.org,3,214,0.01
http://www.hustler.com,1,179,0.01
https://mail.yahoo.com,2,188,0.01
http://blogspot.com,2,191,0.01
http://www.matrimony.org,2,178,0.01
http://www.blubster.com,2,225,0.01
https://www.planetromeo.com/,2,175,0.01
https://mixi.jp/,1,191,0.01
https://strongvpn.com/,1,186,0.01
https://www.mideastyouth.com/,1,173,0.01
http://bitcoin.org,2,188,0.01
http://www.wetplace.com,1,168,0.01
http://www.tialsoft.com/multitranse/,1,192,0.01
https://www.habbo.com/,1,178,0.01
https://www.google.com/transparencyreport/,1,177,0.01
http://creativecommons.org,1,184,0.01
http://www.grindr.com/,1,175,0.01
https://www.erowid.org/,1,177,0.01
http://www.worldrtd.net,1,191,0.01
https://noblogs.org,2,188,0.01
https://imp.free.fr/,1,185,0.01
http://www.cnn.com,1,186,0.01
http://www.greennet.org.uk/,2,218,0.01
https://twitter.com,1,184,0.01
https://www.walmart.com/,1,172,0.01
http://www.auduboninternational.org,2,180,0.01
https://www.defense.gov/,1,180,0.01
https://www.icc-cpi.int/,1,178,0.01
https://www.idrc.ca/,1,172,0.01
https://cryptome.org,1,186,0.01
https://metasploit.com/,1,190,0.01
https://www.hightail.com/,1,176,0.01
https://sourceforge.net/,1,183,0.01
http://www.marijuana.com,1,180,0.01
https://www.whatsapp.com/,2,173,0.01
https://www.state.gov/,1,169,0.01
https://rarbg.to/index8.php,1,185,0.01
http://now.org/,1,186,0.01
http://www.who.int/influenza/human_animal_interface,2,205,0.01
http://www.exgay.com,1,175,0.01
http://avaaz.org,3,357,0.01
https://pirateparty.org.au/,1,187,0.01
http://www.bbc.co.uk,2,171,0.01
https://guardianproject.info,1,182,0.01
http://www.theglobalfund.org,1,170,0.01
https://mail.ru/,1,189,0.01
http://www.wordreference.com/enfr/test,1,170,0.01
http://www.securitytracker.com,1,176,0.01
http://advocacy.globalvoicesonline.org,2,193,0.01
http://www.arabrenewal.com,2,227,0.01
https://xhamster.com/,2,170,0.01
http://casino.com,1,192,0.01
http://www.pogo.com/,1,175,0.01
http://www.cannaweed.com,1,178,0.01
http://hotgaylist.com,2,232,0.01
https://www.weebly.com/,1,168,0.01
http://drugs-forum.com/,2,189,0.01
https://kids.yahoo.com,1,192,0.01
https://ipi.media/,1,187,0.01
https://www.opioids.com/,1,181,0.01
http://risebroadband.com/,1,191,0.01
https://witness.org/,1,183,0.01
http://www.stshenouda.com,2,208,0.01
https://otr.cypherpunks.ca/,1,181,0.01
http://www.livejournal.com,1,173,0.01
https://defcon.org/,1,188,0.01
http://www.fring.com,2,220,0.01
https://www.netaddress.com/,1,176,0.01
https://cites.org/,1,184,0.01
http://www.rfa.org,1,184,0.01
https://www.sendthisfile.com/,1,171,0.01
http://archive.org,1,197,0.01
http://cartercenter.org,2,187,0.01
http://www.lingerieatlarge.com,2,218,0.01
http://www.survive.org.uk/,1,167,0.01
https://docs.google.com,1,189,0.01
http://www.zenmate.com,1,154,0.01
https://www.rackspace.com/,1,173,0.01
http://www.wallpapergate.com,2,209,0.01
http://whispersystems.org,1,163,0.01
http://www.thegooddrugsguide.com,1,169,0.01
http://www.appzplanet.com,2,226,0.01
https://oca.org/,1,180,0.01
https://www.nsa.gov/,1,173,0.01
http://www.agentprovocateur.com,1,178,0.01
https://www.hackcanada.com/,2,179,0.01
https://gmail.com,2,195,0.01
https://www.datingdirect.com,2,178,0.01
http://hightimes.com,2,187,0.01
https://www.mediafire.com/,2,179,0.01
https://www.opensocietyfoundations.org/,1,171,0.01
http://www.pravda.ru,1,179,0.01
https://spideroak.com,1,180,0.01
http://www.ilhr.org,3,219,0.01
http://www.judaism.com,1,175,0.01
http://www.date.com,1,179,0.01
http://www.absinth.com,2,224,0.01
http://www.geocities.com,2,218,0.01
http://ccrjustice.org,1,189,0.01
http://lifestream.aol.com,2,183,0.01
https://www.privacyinternational.org/,1,176,0.01
https://sexetc.org/,1,184,0.01
https://www.weforum.org/,1,166,0.01
http://www.idea.int,2,175,0.01
http://www.medicinenet.com,1,174,0.01
https://bisexual.org/,1,187,0.01
https://www.protonmail.com,1,164,0.01
https://www.usaid.gov/,1,168,0.01
http://marijuana.nl,3,229,0.01
https://www.premaritalsex.info/,1,180,0.01
https://www.globalfundforwomen.org/,1,181,0.01
https://www.marxists.org/,2,178,0.01
https://www.liveleak.com/,1,170,0.01
https://iarf.net/,2,187,0.01
http://www.themwl.org,1,192,0.01
https://btguard.com,1,187,0.01
https://login.live.com/,1,184,0.01
http://teenadvice.about.com,2,182,0.01
http://blog.com,2,236,0.01
http://www.mininova.org,2,214,0.01
https://www.sexualhealth.com/,1,167,0.01
http://www.rollingstone.com,1,172,0.01
http://commons.wikimedia.org,1,191,0.01
http://www.hrusa.org,2,213,0.01
http://www.download.com,2,224,0.01
http://www.talafone.com,2,174,0.01
https://secure.proxpn.com/,1,184,0.01
http://www.privaterra.org,2,215,0.01
http://www.bacardi.com,1,182,0.01
https://www.transferbigfiles.com/,2,173,0.01
https://www.herdict.org/,1,178,0.01
https://sourceforge.net/projects/loic/,1,186,0.01
http://www.eurogrand.com,2,201,0.01
https://www.martus.org/,1,178,0.01
http://freemuse.org/,1,185,0.01
https://indymedia.org/,2,186,0.01
http://www.partypoker.com,1,178,0.01
http://www.usacasino.com,1,171,0.01
http://www.churchofeuthanasia.org,2,223,0.01
http://www.christianity.com,1,182,0.01
http://dextroverse.org,2,231,0.01
http://www.islamicity.com,2,216,0.01
https://www.google.com,1,178,0.01
https://myspace.com/,1,193,0.01
https://www.serials.ws/,1,166,0.01
https://addons.mozilla.org/en-US/firefox/addon/4286,1,199,0.01
http://nypost.com/,2,191,0.01
http://community.livejournal.com/anorexicqueen/,2,188,0.01
http://www.samesexmarriage.ca,2,219,0.01
http://www.crackz.ws,2,224,0.01
http://www.glaad.org,1,178,0.01
http://www.layevangelism.com,2,217,0.01
https://panties.com/,2,181,0.01
http://www.securityfocus.com,2,176,0.01
https://www.womenonwaves.org/,1,163,0.01
http://www.clubdicecasino.com,3,222,0.01
http://www.pokerstars.com,2,171,0.01
http://www.playboy.com,2,220,0.01
https://trashy.com/,1,184,0.01
https://www.ushmm.org/,1,165,0.01
https://textsecure-service-ca.whispersystems.org:80,1,166,0.01
https://www.victoriassecret.com/,2,170,0.01
http://www.wikispaces.com,1,162,0.01
https://thepiratebay.se,1,182,0.01
https://www.sendspace.com/,1,168,0.01
https://www.ifad.org/,2,172,0.01
https://tails.boum.org/,1,183,0.01
https://www.ipetitions.com,1,174,0.01
http://www.blackjackinfo.com,1,179,0.01
https://news.google.com/,1,192,0.01
http://www.economist.com,1,179,0.01
http://rapidgator.net,1,185,0.01
http://www.cbsnews.com,1,178,0.01
http://www.guerrillagirls.com/,2,217,0.01
https://movabletype.com/,1,191,0.01
https://infidels.org/,1,185,0.01
https://groups.google.com/,1,186,0.01
http://sfsi.org/,3,232,0.01
http://www.onlinewomeninpolitics.org,2,219,0.01
http://www.centcom.mil,2,223,0.01
http://cultdeadcow.com,2,232,0.01
http://mymemory.translated.net/english/,1,187,0.01
http://www.jesussaves.cc,3,216,0.01
https://bebo.com/,1,190,0.01
https://citizenlab.ca,1,185,0.01
http://howtogrowmarijuana.com,1,189,0.01
http://www.ginvodka.org,3,223,0.01
http://www.mail.lycos.com/,2,174,0.01
https://globalvoices.org/,1,198,0.01
http://www.volcanomail.com,2,175,0.01
https://iwhc.org/,1,191,0.01
http://www.rbf.org,1,176,0.01
http://iyfnet.org/,2,188,0.01
https://plus.im,1,185,0.01
http://www.u4.no,1,185,0.01
https://www.secfirst.org,1,172,0.01
http://www.xbox.com,1,171,0.01
http://www.well.com/user/queerjhd/,1,171,0.01
http://www.europacasino.com,1,179,0.01
https://archiveofourown.org/,1,183,0.01
https://www.instagram.com/,1,180,0.01
https://www.search.com/,1,176,0.01
http://minorityrights.org/,2,231,0.01
https://www.pinterest.com/,1,174,0.01
http://www.gayegypt.com,2,223,0.01
http://www.wiesenthal.com,2,209,0.01
http://www.abcunderwear.com,1,185,0.01
https://www.freetranslation.com/,1,179,0.01
https://www.dreamhost.com/,1,178,0.01
http://sierraclub.org,1,187,0.01
https://onedrive.live.com/,1,180,0.01
https://www.amnesty.org/,1,186,0.01
http://www.hotmail.com,1,176,0.01
https://identi.ca/,1,185,0.01
http://www.lesbiansubmission.com,2,218,0.01
http://wkkf.org/,1,181,0.01
http://www.hostgator.com,1,199,0.01
http://craigslist.org,2,190,0.01
https://www.freespeech.org/,1,176,0.01
http://islamonline.net/,1,192,0.01
http://occupystreams.org,2,230,0.01
https://secure.logmein.com,1,190,0.01
http://www.cidh.org,3,219,0.01
http://amygoodloe.com/lesbian-dot-org/,2,238,0.01
http://www.thehacktivist.com,3,214,0.01
https://www.fotki.com/,1,182,0.01
http://www.globet.com,2,224,0.01
https://www.twitch.tv/,1,169,0.01
https://medpot.net/,1,186,0.01
https://www.wiktionary.org/,1,163,0.01
http://www.vanguardnewsnetwork.com,2,203,0.01
http://www.rollitup.org,2,214,0.01
http://www.originalelf.com,2,215,0.01
http://www.breastenlargementmagazine.com,2,220,0.01
https://imageshack.com/,2,169,0.01
http://www3.iaisite.org/,2,205,0.01
http://www.genderhealth.org,1,218,0
http://www.frc.org,1,207,0
http://www.phenoelit.org/,1,218,0
http://www.freedominfo.org,1,221,0
http://mashable.com,1,203,0
http://www.jewwatch.com,1,215,0
http://xanga.com/,1,211,0
http://www.freespeech.com,1,222,0
http://www.webspawner.com,1,206,0
http://www.maven.co.il,1,216,0
http://www.wftucentral.org/,1,203,0
http://www.orthodoxconvert.info,1,214,0
http://www.aseansec.org,1,221,0
http://www.honduras.com,1,216,0
http://www.harkatulmujahideen.org,1,216,0
http://www.excite.com,1,219,0
http://www.ultimatebirthcontrol.com,1,213,0
http://emchurch.org/,1,232,0
http://www.twistedinternet.com,1,211,0
http://www.positive.org,1,214,0
http://www.sealswcc.com,1,219,0
http://www.islamic-relief.com,1,214,0
http://feministing.com,1,227,0
http://norml.org/,1,236,0
http://attrition.org/,1,238,0
http://www.photobucket.com,1,222,0
http://www.callserve.com,1,221,0
http://www.sexedlibrary.org,1,209,0
http://www.radioislam.org,1,211,0
http://ilga.org/,1,233,0
http://www.lycos.com,1,214,0
http://www.laborrightsnow.org,1,216,0
http://nooun.net,1,207,0
http://www.dailymotion.com,1,224,0
http://www.pokerpages.com,1,214,0
http://www.religiousconsultation.org,1,212,0
http://www.circumcision.org,1,225,0
http://www.wcicc.org,1,205,0
http://insecure.org/,1,230,0
http://seclists.org,1,234,0
http://www.isiswomen.org,1,220,0
http://www.prolife.com,1,214,0
http://www.mytrans.com.tw,1,218,0
http://lgbt.foundation/,1,230,0
http://www.familycareintl.org,1,217,0
http://www.islamdoor.com,1,216,0
http://www.efonica.com,1,223,0
http://triviasecurity.net,1,221,0
http://www.lingo.com,1,218,0
http://international.ohmynews.com,1,228,0
http://chinadaily.com.cn,1,232,0
http://www.bitcomet.com,1,223,0
http://www.gearthblog.com,1,214,0
http://www.freeexpression.org,1,227,0
http://www.implantinfo.com,1,220,0
http://www.gamingday.com,1,220,0
http://spys.ru,1,232,0
http://www.ohchr.org/english/bodies/hrcouncil/,1,212,0
http://www.budweiser.com,1,224,0
http://www.metacrawler.com,1,217,0
http://www.terrorismfiles.org,1,210,0
http://www.eluniversal.com,1,224,0
http://www.isscr.org,1,222,0
http://www.google.com/search?q=gay,1,222,0
http://www.freeservers.com,1,221,0
http://miloflamingo.blogspot.com,1,213,0
http://kidshealth.org/,1,230,0
http://www.righttodie.ca,1,216,0
http://www.delicates.co.uk,1,220,0
http://ebuddy.com/,1,232,0
http://www.kurtuluscephesi.com,1,221,0
http://www.jfcom.mil,1,214,0
http://www.solicitorsfromhell.com,1,210,0
http://www.securenym.net,1,212,0
http://www.copticorphans.org,1,211,0
http://www.no-porn.com,1,212,0
http://www.xfocus.org,1,205,0
http://www.mailinator.com,1,217,0
http://www.jhr.ca,1,218,0
http://asadx.net,1,214,0
http://www.bfed.info,1,219,0
http://heroin.org,1,229,0
http://www.hackhull.com,1,223,0
http://www.netaddress.com/,1,218,0
http://www.neonjoint.com,1,220,0
http://jainworld.com/,1,238,0
http://www.southcom.mil,1,211,0
http://www.dogpile.com,1,230,0
http://a1408.g.akamai.net/5/1408/1388/2005110406/1a1a1ad948be278cff2d96046ad90768d848b41947aa1986/sample_sorenson.mov.zip,1,246,0
http://www.fark.com/,1,206,0
http://www.buddhanet.net,1,223,0
http://www.jmarshall.com,1,218,0
http://www.inbox.com,1,220,0
http://www.utorrent.com,1,209,0
http://www.itsyoursexlife.com,1,219,0
http://zoomshare.com/,1,201,0
http://www.schwarzreport.org,1,210,0
http://www.aleph.to,1,226,0
http://www.queernet.org,1,208,0
http://www.slsknet.org,1,213,0
http://www.square-enix.com,1,209,0
http://www.deathmetal.org,1,216,0
http://www.mywebcalls.com,1,218,0
http://exscn.net,1,228,0
http://www.hrcr.org,1,222,0
http://www.luwaran.net,1,219,0
http://shamash.org,1,231,0
http://www.newnownext.com/franchise/the-backlot/,1,208,0
http://www.topdrawers.com,1,211,0
http://www.ihf-hr.org,1,213,0
http://www.mizzima.com,1,207,0
http://www.mate1.com,1,207,0
http://beyondnormal.blogspot.com,1,214,0
http://download.cnet.com/freegate/3000-2085_4-10415391.html,1,231,0
http://kabobfest.com,1,232,0
http://www.hurryh.com,1,208,0
http://www.protest.net,1,215,0
http://www.ipcc.ch,1,219,0
http://www.veoh.com,1,204,0
http://www.stumbleupon.com,1,210,0
http://hrlibrary.umn.edu/iwraw/,1,231,0
http://www.4chan.org,1,226,0
http://www.un.org/docs/sc/,1,211,0
http://gharbeia.net,1,211,0
http://www.transwhiz.com,1,214,0
http://www.glbtqarchive.com/,1,226,0
http://www.benedelman.org,1,219,0
http://ncac.org/,1,232,0
http://www.drugsense.org,1,229,0
http://ecstasy.org,1,233,0
http://www.pandora.com,1,216,0
http://www.whitepages.com/,1,211,0
http://www.winespectator.com,1,205,0
http://www.postcards-for-iran.org,1,215,0
http://www.apt.ch,1,210,0
http://www.jsf.mil,1,220,0
http://www.gayhealth.com,1,220,0
http://www.oicc.org,1,216,0
http://www.akdn.org,1,224,0
http://blalaland.blogspot.com,1,212,0
http://www.zone-h.org,1,203,0
http://debate.org.uk,1,230,0
http://kickassclassical.com/,1,233,0
http://www.foreignword.com,1,224,0
http://www.familiesaretalking.org,1,219,0
http://www.tripod.lycos.com/,1,213,0
http://krishna.com/,1,230,0
http://www.tsroadmap.com,1,210,0
http://www.dmoz.org,1,217,0
http://www.hivandhepatitis.com,1,218,0
http://www.realstreaming.net,1,214,0
http://www.who.int/topics/hiv_aids/,1,206,0
http://www.whitepower.com,1,207,0
http://www.infowar-monitor.net,1,224,0
http://www.quantico.marines.mil/,1,213,0
http://www.catholic.org,1,213,0
http://www.pcgamer.com,1,201,0
http://www.drudgereport.com,1,221,0
http://www.umc.org,1,204,0
http://dostor.org,1,217,0
http://www.freshpair.com,1,217,0
http://www.friendster.com,1,223,0
http://www.efindlove.com,1,224,0
http://www.godalone.org/,1,220,0
http://www.ccel.org,1,225,0
http://www.who.int/reproductivehealth,1,208,0
http://worldsingles.com,1,230,0
http://lauraannjacobs.com,1,234,0
http://justicewomen.com/,1,229,0
http://www.collegehumor.com,1,220,0
http://xxx.lanl.gov,1,208,0
http://www.webbox.com/index.php,1,207,0
http://www.hon.ch,1,219,0
http://fromcairo.blogspot.com,1,212,0
http://www.muhammadanism.com,1,218,0
http://www.sos-reporters.net,1,212,0
http://www.siecus.org,1,209,0
http://www.fgmnetwork.org,1,217,0
http://mp3.com/,1,236,0
http://www.poker.com,1,212,0
http://www.keptprivate.com,1,215,0