ctgr,input,probe_asn,measurement_start_time,accessible,blocking,status_code,title,explorer,api
ANON,https://psiphon.ca/,8452,2018-01-03 8:56:54,f,http-diff,520,psiphon.ca | 520: Web server is returning an unknown error,https://explorer.ooni.torproject.org/measurement/20180103T084633Z_AS8452_DSdmxaeLONYPa7wEoopdKhhLjOigBoxZGBn9vgA5PUAia1NW8y?input=https://psiphon.ca/,http://api.ooni.io/api/v1/measurement/temp-id-149238365
ANON,https://psiphon.ca/,8452,2018-01-03 10:25:03,f,http-diff,520,psiphon.ca | 520: Web server is returning an unknown error,https://explorer.ooni.torproject.org/measurement/20180103T100825Z_AS8452_9ugIJ33yH1hyNo2uw6zguVMFscPMp865qq73tdGNfchv3FQbq1?input=https://psiphon.ca/,http://api.ooni.io/api/v1/measurement/temp-id-149246049
ANON,https://psiphon.ca,8452,2018-01-03 10:32:01,f,http-diff,520,psiphon.ca | 520: Web server is returning an unknown error,https://explorer.ooni.torproject.org/measurement/20180103T093454Z_AS8452_sVEGr9loIPSudsem4KhVtVUT7MYgSonjcQ0itRWWo1DmMGAPEW?input=https://psiphon.ca,http://api.ooni.io/api/v1/measurement/temp-id-148975853
ANON,https://psiphon.ca,8452,2018-01-03 12:38:01,f,http-diff,520,psiphon.ca | 520: Web server is returning an unknown error,https://explorer.ooni.torproject.org/measurement/20180103T112923Z_AS8452_I4T5UdVQuMnttAiJmwdmDPnVyVc674qbpPausbOBfEvXwpdJLK?input=https://psiphon.ca,http://api.ooni.io/api/v1/measurement/temp-id-148972697
ANON,https://psiphon.ca/,8452,2018-01-04 1:32:58,f,http-diff,520,psiphon.ca | 520: Web server is returning an unknown error,https://explorer.ooni.torproject.org/measurement/20180104T011927Z_AS8452_Vurrqe6b8msuWO2Ko8NOKseTjWZGqAbglBRIwa1OQKvF3GWm2I?input=https://psiphon.ca/,http://api.ooni.io/api/v1/measurement/temp-id-149437652
ANON,https://psiphon.ca,8452,2018-01-04 3:27:38,f,http-diff,520,psiphon.ca | 520: Web server is returning an unknown error,https://explorer.ooni.torproject.org/measurement/20180104T022649Z_AS8452_WehQcIsO00G5upNjwNfYZaOWLxNT9ZpNmB3qqd5Rgv0X8kplfY?input=https://psiphon.ca,http://api.ooni.io/api/v1/measurement/temp-id-149303729
ANON,https://psiphon.ca/,8452,2018-01-04 8:42:06,f,http-diff,520,psiphon.ca | 520: Web server is returning an unknown error,https://explorer.ooni.torproject.org/measurement/20180104T083137Z_AS8452_BZwz50kqgCYcYUbJeebAcsfD28HADVuUhmRLLtgJGJQwZfsg8M?input=https://psiphon.ca/,http://api.ooni.io/api/v1/measurement/temp-id-149547918
ANON,https://psiphon.ca,8452,2018-01-04 10:20:52,f,http-diff,520,psiphon.ca | 520: Web server is returning an unknown error,https://explorer.ooni.torproject.org/measurement/20180104T092105Z_AS8452_hlScvy5wJet3jD5NDY26M9Q9aEnmFwtRJvX2q4f53x3aB1XhqU?input=https://psiphon.ca,http://api.ooni.io/api/v1/measurement/temp-id-149283646
ANON,https://psiphon.ca/,8452,2018-01-06 12:30:51,f,http-diff,520,psiphon.ca | 520: Web server is returning an unknown error,https://explorer.ooni.torproject.org/measurement/20180106T102804Z_AS8452_AqYjTzJqwLQvqBu7gy9b31GArsCwwno5k4DOXj9nuA3TA67QNs?input=https://psiphon.ca/,http://api.ooni.io/api/v1/measurement/temp-id-150145354
ANON,https://psiphon.ca/,8452,2018-01-06 16:40:36,f,http-diff,520,psiphon.ca | 520: Web server is returning an unknown error,https://explorer.ooni.torproject.org/measurement/20180106T162258Z_AS8452_HhtUSW2gDEZqLmn2YURpn7nN21Duq5l1go80V9qARJiRbBzJ7r?input=https://psiphon.ca/,http://api.ooni.io/api/v1/measurement/temp-id-150153219
ANON,https://psiphon.ca/,8452,2018-01-08 9:15:49,f,http-diff,520,psiphon.ca | 520: Web server is returning an unknown error,https://explorer.ooni.torproject.org/measurement/20180108T090449Z_AS8452_1xHCSbndtLi9C6KZkC28oHYvs7e1EImTA70qqBpWTQkDHSuqNK?input=https://psiphon.ca/,http://api.ooni.io/api/v1/measurement/temp-id-151017846
ANON,https://psiphon.ca,8452,2018-01-08 11:09:01,f,http-diff,520,psiphon.ca | 520: Web server is returning an unknown error,https://explorer.ooni.torproject.org/measurement/20180108T095257Z_AS8452_ld5vlUBAmVh9kgVEMH7ihYa3qOSHvZTbmNNoL46c75pZbVm9bX?input=https://psiphon.ca,http://api.ooni.io/api/v1/measurement/temp-id-150686074
ANON,https://psiphon.ca/,8452,2018-01-09 9:25:25,f,http-diff,520,psiphon.ca | 520: Web server is returning an unknown error,https://explorer.ooni.torproject.org/measurement/20180109T091529Z_AS8452_zMFkz3GJ9jUDWNCKl1QmlyLK2H0mztN5Gix9M8FtX8aUkLNX6N?input=https://psiphon.ca/,http://api.ooni.io/api/v1/measurement/temp-id-151325671
ANON,https://psiphon.ca,8452,2018-01-09 10:55:06,f,http-diff,520,psiphon.ca | 520: Web server is returning an unknown error,https://explorer.ooni.torproject.org/measurement/20180109T100737Z_AS8452_62KPMnQlbGiMgF21PdMYXecUYNJ0vrHoMjqK3CYn6gfe3BkeQ4?input=https://psiphon.ca,http://api.ooni.io/api/v1/measurement/temp-id-151094155
ANON,https://psiphon.ca/,8452,2018-01-10 9:27:55,f,http-diff,520,psiphon.ca | 520: Web server is returning an unknown error,https://explorer.ooni.torproject.org/measurement/20180110T091933Z_AS8452_AgAgf8b4VilHKUZDcP7woqny98ubVRP2EbANtbTUjh9ZQ9IiXi?input=https://psiphon.ca/,http://api.ooni.io/api/v1/measurement/temp-id-151652669
ANON,https://psiphon.ca,8452,2018-01-10 10:56:04,f,http-diff,520,psiphon.ca | 520: Web server is returning an unknown error,https://explorer.ooni.torproject.org/measurement/20180110T100725Z_AS8452_yyUBkCIyW3eJdmKYxSlI1Hht3xoV1mRYgczmtXgnip7IPV1mfi?input=https://psiphon.ca,http://api.ooni.io/api/v1/measurement/temp-id-151366301
ANON,https://psiphon.ca/,8452,2018-01-11 9:05:00,f,http-diff,520,psiphon.ca | 520: Web server is returning an unknown error,https://explorer.ooni.torproject.org/measurement/20180111T085415Z_AS8452_EWXGRlE9BXR7wmhE7KV4dF2xTDHVNFc3kWlK3OBpI6P3L80mjU?input=https://psiphon.ca/,http://api.ooni.io/api/v1/measurement/temp-id-152301014
ANON,https://psiphon.ca/,8452,2018-01-15 14:45:14,f,http-diff,520,psiphon.ca | 520: Web server is returning an unknown error,https://explorer.ooni.torproject.org/measurement/20180115T094440Z_AS8452_hcKLhVYYvp0oUGx29ERA489FdyqfDLBzfPT4tg33ESblq4fAVL?input=https://psiphon.ca/,http://api.ooni.io/api/v1/measurement/temp-id-153204699
ANON,https://psiphon.ca,8452,2018-01-15 16:59:59,f,http-diff,520,psiphon.ca | 520: Web server is returning an unknown error,https://explorer.ooni.torproject.org/measurement/20180115T155002Z_AS8452_1RVDL8tBKKlJzXOQ6WLOt5zQsSal5EOw4ovGWErSRMgx6fLfQt?input=https://psiphon.ca,http://api.ooni.io/api/v1/measurement/temp-id-152990665
ANON,https://psiphon.ca/,8452,2018-01-17 3:42:21,f,http-diff,520,psiphon.ca | 520: Web server is returning an unknown error,https://explorer.ooni.torproject.org/measurement/20180117T032948Z_AS8452_ay5qyxF0uTHz9fUCqDTgPigeSIpq6q62l4JhwQwG7X41pU9ycy?input=https://psiphon.ca/,http://api.ooni.io/api/v1/measurement/temp-id-153760830
ANON,https://psiphon.ca,8452,2018-01-17 5:36:35,f,http-diff,520,psiphon.ca | 520: Web server is returning an unknown error,https://explorer.ooni.torproject.org/measurement/20180117T043612Z_AS8452_ckLkRY27Ztscw8P8eT4mfNsku12KoZBlOhvaWc30UAPJCK2WKE?input=https://psiphon.ca,http://api.ooni.io/api/v1/measurement/temp-id-153566701
ANON,https://psiphon.ca/,8452,2018-01-21 9:52:27,f,http-diff,520,psiphon.ca | 520: Web server is returning an unknown error,https://explorer.ooni.torproject.org/measurement/20180121T093637Z_AS8452_wUln88nsBTSN9GIAFmZ6OkNlHZ38zMMYH9i1jDin12IwTSEVjR?input=https://psiphon.ca/,http://api.ooni.io/api/v1/measurement/temp-id-155071271
ANON,https://psiphon.ca/,8452,2018-01-28 11:41:04,f,http-diff,520,psiphon.ca | 520: Web server is returning an unknown error,https://explorer.ooni.torproject.org/measurement/20180128T112605Z_AS8452_dS0qeR5gFlGipsApFbEMC9NtK7vsfCijDRjtWVIJc1ByK2ruDT?input=https://psiphon.ca/,http://api.ooni.io/api/v1/measurement/temp-id-157448245
ANON,https://psiphon.ca,8452,2018-01-28 13:45:10,f,http-diff,520,psiphon.ca | 520: Web server is returning an unknown error,https://explorer.ooni.torproject.org/measurement/20180128T123624Z_AS8452_qXyvUND3nCB93KzG1tCmTylQR87ECjrad1e2cBjUcwCvcNTAbj?input=https://psiphon.ca,http://api.ooni.io/api/v1/measurement/temp-id-157189603
ANON,https://psiphon.ca/,8452,2018-01-29 9:22:39,f,http-diff,520,psiphon.ca | 520: Web server is returning an unknown error,https://explorer.ooni.torproject.org/measurement/20180129T090554Z_AS8452_B1yQFyzCgreF6r0zJB2OoXfSY36NMpAh3U9DQbgFi5qd4rTXhv?input=https://psiphon.ca/,http://api.ooni.io/api/v1/measurement/temp-id-157753962
ANON,https://www.purevpn.com/,8452,2018-01-30 10:36:21,f,http-diff,522,www.purevpn.com | 522: Connection timed out,https://explorer.ooni.torproject.org/measurement/20180130T091001Z_AS8452_ZiRftUKjGSM0YPlry8Rwy9X1dr5adDNekt3fqnIuWFGYUxUU6H?input=https://www.purevpn.com/,http://api.ooni.io/api/v1/measurement/temp-id-158071503
ANON,https://www.purevpn.com/,8452,2018-02-04 9:52:15,f,http-diff,522,www.purevpn.com | 522: Connection timed out,https://explorer.ooni.torproject.org/measurement/20180204T084055Z_AS8452_NwAfEZvZHmWpXm4a9k4wfnMG7zZSSzb0QrNi6HL1eIsoqFdY5e?input=https://www.purevpn.com/,http://api.ooni.io/api/v1/measurement/temp-id-159475366
ANON,https://www.purevpn.com/,8452,2018-02-05 9:59:19,f,http-diff,522,www.purevpn.com | 522: Connection timed out,https://explorer.ooni.torproject.org/measurement/20180205T084739Z_AS8452_N9CE5cMOfFmuEUqCMFW13zsRw8hZVFFUc9sYHN89DPM7EkTtmB?input=https://www.purevpn.com/,http://api.ooni.io/api/v1/measurement/temp-id-159763613
ANON,https://www.purevpn.com/,8452,2018-02-05 18:03:44,f,http-diff,525,www.purevpn.com | 525: SSL handshake failed,https://explorer.ooni.torproject.org/measurement/20180205T161345Z_AS8452_Syejkz8LgDtzBHJQt1GADPNFaFsG1Ai2YBOkDiI7mtzP1I5j23?input=https://www.purevpn.com/,http://api.ooni.io/api/v1/measurement/temp-id-159783024
ANON,https://psiphon.ca/,8452,2018-02-07 9:49:12,f,http-diff,524,psiphon.ca | 524: A timeout occurred,https://explorer.ooni.torproject.org/measurement/20180207T093217Z_AS8452_vcCiPuuxVPaIOLvfKFvEIlIqSxMBQTCulQtG81bf9Ht8OR1iuI?input=https://psiphon.ca/,http://api.ooni.io/api/v1/measurement/temp-id-160353572
ANON,https://www.purevpn.com/,8452,2018-02-07 11:05:28,f,http-diff,522,www.purevpn.com | 522: Connection timed out,https://explorer.ooni.torproject.org/measurement/20180207T093217Z_AS8452_vcCiPuuxVPaIOLvfKFvEIlIqSxMBQTCulQtG81bf9Ht8OR1iuI?input=https://www.purevpn.com/,http://api.ooni.io/api/v1/measurement/temp-id-160354242
ANON,https://psiphon.ca,8452,2018-02-07 13:05:00,f,http-diff,524,psiphon.ca | 524: A timeout occurred,https://explorer.ooni.torproject.org/measurement/20180207T112328Z_AS8452_f0sXakjgM5IAufdgp7yKOrFbMgKLVtUvPoRuZqHJsUz2DOuDLW?input=https://psiphon.ca,http://api.ooni.io/api/v1/measurement/temp-id-160170065
ANON,https://www.purevpn.com/,8452,2018-02-08 9:24:02,f,http-diff,522,www.purevpn.com | 522: Connection timed out,https://explorer.ooni.torproject.org/measurement/20180208T082432Z_AS8452_HiWs08T12BXdk6mzMBGoN2GLsOZlrPn6k08vcV7Gq8l4oVRMss?input=https://www.purevpn.com/,http://api.ooni.io/api/v1/measurement/temp-id-160626474
ANON,https://www.purevpn.com/,8452,2018-02-08 12:39:41,f,http-diff,522,www.purevpn.com | 522: Connection timed out,https://explorer.ooni.torproject.org/measurement/20180208T110410Z_AS8452_KJeuYGtLLNlyMA3SIKhdaucG1Oov9GLku4fpyxFqjQXYx9w0Yu?input=https://www.purevpn.com/,http://api.ooni.io/api/v1/measurement/temp-id-160630920
ANON,https://psiphon.ca,8452,2018-02-08 14:05:44,f,http-diff,524,psiphon.ca | 524: A timeout occurred,https://explorer.ooni.torproject.org/measurement/20180208T094709Z_AS8452_XoUrhVocYllQnF4QmXXbcbsG9PHkjUL2Scipah55DXvhiJ1Z7O?input=https://psiphon.ca,http://api.ooni.io/api/v1/measurement/temp-id-160447487
ANON,https://psiphon.ca/,8452,2018-02-11 9:54:24,f,http-diff,520,psiphon.ca | 520: Web server is returning an unknown error,https://explorer.ooni.torproject.org/measurement/20180211T092806Z_AS8452_zfBDgQywbasxEoLRCk4ffPTBAAh3AT2rFt4NpzCOsfH0zqHr6l?input=https://psiphon.ca/,http://api.ooni.io/api/v1/measurement/temp-id-161436021
ANON,https://www.purevpn.com/,8452,2018-02-11 10:41:14,f,http-diff,525,www.purevpn.com | 525: SSL handshake failed,https://explorer.ooni.torproject.org/measurement/20180211T092806Z_AS8452_zfBDgQywbasxEoLRCk4ffPTBAAh3AT2rFt4NpzCOsfH0zqHr6l?input=https://www.purevpn.com/,http://api.ooni.io/api/v1/measurement/temp-id-161436696
ANON,https://psiphon.ca/,8452,2018-02-12 9:05:36,f,http-diff,520,psiphon.ca | 520: Web server is returning an unknown error,https://explorer.ooni.torproject.org/measurement/20180212T084533Z_AS8452_bycx1PfOCRPigjomAXTWVAFwUR1hGr6y2aR6vCbE96ySyFbev7?input=https://psiphon.ca/,http://api.ooni.io/api/v1/measurement/temp-id-161726747
ANON,https://www.purevpn.com/,8452,2018-02-12 9:45:56,f,http-diff,525,www.purevpn.com | 525: SSL handshake failed,https://explorer.ooni.torproject.org/measurement/20180212T084533Z_AS8452_bycx1PfOCRPigjomAXTWVAFwUR1hGr6y2aR6vCbE96ySyFbev7?input=https://www.purevpn.com/,http://api.ooni.io/api/v1/measurement/temp-id-161727423
ANON,https://psiphon.ca/,8452,2018-02-12 10:28:12,f,http-diff,520,psiphon.ca | 520: Web server is returning an unknown error,https://explorer.ooni.torproject.org/measurement/20180212T100409Z_AS8452_zATf1WhDpMSB09d54KSq6htj7DoTxorOSpsLq2d6iOZ5gN2bt7?input=https://psiphon.ca/,http://api.ooni.io/api/v1/measurement/temp-id-161732331
ANON,https://www.purevpn.com/,8452,2018-02-12 11:17:06,f,http-diff,525,www.purevpn.com | 525: SSL handshake failed,https://explorer.ooni.torproject.org/measurement/20180212T100409Z_AS8452_zATf1WhDpMSB09d54KSq6htj7DoTxorOSpsLq2d6iOZ5gN2bt7?input=https://www.purevpn.com/,http://api.ooni.io/api/v1/measurement/temp-id-161733006
ANON,https://psiphon.ca,8452,2018-02-12 13:24:08,f,http-diff,520,psiphon.ca | 520: Web server is returning an unknown error,https://explorer.ooni.torproject.org/measurement/20180212T101156Z_AS8452_Qel3f69qOInZzGVbWn2rByiSXWTSrB40L6rCzeoP8A6oMGO5mX?input=https://psiphon.ca,http://api.ooni.io/api/v1/measurement/temp-id-161497491
ANON,https://psiphon.ca/,8452,2018-02-13 8:32:29,f,http-diff,520,psiphon.ca | 520: Web server is returning an unknown error,https://explorer.ooni.torproject.org/measurement/20180213T081101Z_AS8452_5A9EywnrHVo2XfRXAMEakSVPXOb9u0MTdgKDGOk94Mz3hvjj91?input=https://psiphon.ca/,http://api.ooni.io/api/v1/measurement/temp-id-162010489
ANON,https://www.purevpn.com/,8452,2018-02-13 9:12:43,f,http-diff,525,www.purevpn.com | 525: SSL handshake failed,https://explorer.ooni.torproject.org/measurement/20180213T081101Z_AS8452_5A9EywnrHVo2XfRXAMEakSVPXOb9u0MTdgKDGOk94Mz3hvjj91?input=https://www.purevpn.com/,http://api.ooni.io/api/v1/measurement/temp-id-162011164
ANON,https://psiphon.ca,8452,2018-02-13 12:38:24,f,http-diff,520,psiphon.ca | 520: Web server is returning an unknown error,https://explorer.ooni.torproject.org/measurement/20180213T094240Z_AS8452_W1EJ2HuXlTjrU1kKIwxiFFeatRuimf9uGzRNG2RPQebQFoXDm7?input=https://psiphon.ca,http://api.ooni.io/api/v1/measurement/temp-id-161766183
ANON,https://psiphon.ca/,8452,2018-02-14 8:29:20,f,http-diff,520,psiphon.ca | 520: Web server is returning an unknown error,https://explorer.ooni.torproject.org/measurement/20180214T080443Z_AS8452_MfLPvkTtzxVkhV3jnBmjMyEwWp2XLz8e1JJcWL5PgW2Re9Xng6?input=https://psiphon.ca/,http://api.ooni.io/api/v1/measurement/temp-id-171000814
ANON,https://www.purevpn.com/,8452,2018-02-14 9:46:28,f,http-diff,525,www.purevpn.com | 525: SSL handshake failed,https://explorer.ooni.torproject.org/measurement/20180214T080443Z_AS8452_MfLPvkTtzxVkhV3jnBmjMyEwWp2XLz8e1JJcWL5PgW2Re9Xng6?input=https://www.purevpn.com/,http://api.ooni.io/api/v1/measurement/temp-id-171001500
ANON,https://psiphon.ca/,8452,2018-02-14 11:49:41,f,http-diff,520,psiphon.ca | 520: Web server is returning an unknown error,https://explorer.ooni.torproject.org/measurement/20180214T112730Z_AS8452_O55xgKgrMSPPVqPLX74omm0bi46OY4BpvE5oyeicY1TUCAlCVo?input=https://psiphon.ca/,http://api.ooni.io/api/v1/measurement/temp-id-171014235
ANON,https://www.purevpn.com/,8452,2018-02-14 12:37:11,f,http-diff,525,www.purevpn.com | 525: SSL handshake failed,https://explorer.ooni.torproject.org/measurement/20180214T112730Z_AS8452_O55xgKgrMSPPVqPLX74omm0bi46OY4BpvE5oyeicY1TUCAlCVo?input=https://www.purevpn.com/,http://api.ooni.io/api/v1/measurement/temp-id-171014909
ANON,https://psiphon.ca,8452,2018-02-14 13:01:02,f,http-diff,520,psiphon.ca | 520: Web server is returning an unknown error,https://explorer.ooni.torproject.org/measurement/20180214T100855Z_AS8452_BOYDSIAro7sklAvRK73axYWHiePCHdQwOFrMY2FRgd6hdT2LZN?input=https://psiphon.ca,http://api.ooni.io/api/v1/measurement/temp-id-170779958
ANON,https://www.purevpn.com/,36935,2018-02-14 16:01:36,f,http-diff,525,www.purevpn.com | 525: SSL handshake failed,https://explorer.ooni.torproject.org/measurement/20180214T160022Z_AS36935_3T7nTwCa7pT4bx8YJQL3YsD1O90gSW3TIchg5unVwnzSJJ5Cu2?input=https://www.purevpn.com/,http://api.ooni.io/api/v1/measurement/temp-id-170833334
ANON,https://psiphon.ca/,8452,2018-02-15 8:42:39,f,http-diff,520,psiphon.ca | 520: Web server is returning an unknown error,https://explorer.ooni.torproject.org/measurement/20180215T082801Z_AS8452_KlZnRx8j4kiKCfea6LIxSW9B1Y53kgV0RPMSSz6uOQLVQmjcNw?input=https://psiphon.ca/,http://api.ooni.io/api/v1/measurement/temp-id-162294573
ANON,https://www.purevpn.com/,8452,2018-02-15 9:31:14,f,http-diff,525,www.purevpn.com | 525: SSL handshake failed,https://explorer.ooni.torproject.org/measurement/20180215T082801Z_AS8452_KlZnRx8j4kiKCfea6LIxSW9B1Y53kgV0RPMSSz6uOQLVQmjcNw?input=https://www.purevpn.com/,http://api.ooni.io/api/v1/measurement/temp-id-162295250
ANON,https://psiphon.ca,8452,2018-02-15 15:33:28,f,http-diff,520,psiphon.ca | 520: Web server is returning an unknown error,https://explorer.ooni.torproject.org/measurement/20180215T095923Z_AS8452_90Mo01fylUIwbUwjADWscy1mwFTa8M9zGbSs1c9NIwWQ1gYhkz?input=https://psiphon.ca,http://api.ooni.io/api/v1/measurement/temp-id-162121704
ANON,https://psiphon.ca/,8452,2018-02-18 9:32:40,f,http-diff,520,psiphon.ca | 520: Web server is returning an unknown error,https://explorer.ooni.torproject.org/measurement/20180218T140030Z_AS8452_OxVGbmC2sD9uKrjt4NHBILuE718sD2NN91j2IeUjTeVeDosOWJ?input=https://psiphon.ca/,http://api.ooni.io/api/v1/measurement/temp-id-162937899
ANON,https://psiphon.ca/,8452,2018-02-18 9:32:40,f,http-diff,520,psiphon.ca | 520: Web server is returning an unknown error,https://explorer.ooni.torproject.org/measurement/20180219T100022Z_AS8452_HUcpLfPLqu7G0sMZrmFB1Bi516jbx0cEmfUmds0YaayZwuY7GW?input=https://psiphon.ca/,http://api.ooni.io/api/v1/measurement/temp-id-163248627
ANON,https://psiphon.ca/,8452,2018-02-18 9:32:40,f,http-diff,520,psiphon.ca | 520: Web server is returning an unknown error,https://explorer.ooni.torproject.org/measurement/20180218T091430Z_AS8452_yjZ0ND1HuhnIZFzuJ4aOooSGumhOLBW4l7rf3MFCO8J7gOwXKr?input=https://psiphon.ca/,http://api.ooni.io/api/v1/measurement/temp-id-163122210
ANON,https://www.purevpn.com/,8452,2018-02-18 10:14:00,f,http-diff,525,www.purevpn.com | 525: SSL handshake failed,https://explorer.ooni.torproject.org/measurement/20180218T091430Z_AS8452_yjZ0ND1HuhnIZFzuJ4aOooSGumhOLBW4l7rf3MFCO8J7gOwXKr?input=https://www.purevpn.com/,http://api.ooni.io/api/v1/measurement/temp-id-163122886
ANON,https://www.purevpn.com/,8452,2018-02-18 10:14:00,f,http-diff,525,www.purevpn.com | 525: SSL handshake failed,https://explorer.ooni.torproject.org/measurement/20180219T100022Z_AS8452_HUcpLfPLqu7G0sMZrmFB1Bi516jbx0cEmfUmds0YaayZwuY7GW?input=https://www.purevpn.com/,http://api.ooni.io/api/v1/measurement/temp-id-163249303
ANON,https://psiphon.ca,8452,2018-02-18 14:38:18,f,http-diff,520,psiphon.ca | 520: Web server is returning an unknown error,https://explorer.ooni.torproject.org/measurement/20180218T133244Z_AS8452_lXH7iC6X269p6RkUlbtqCFBwA9mqe8nXKONcilDSV4E8mhJw7Z?input=https://psiphon.ca,http://api.ooni.io/api/v1/measurement/temp-id-162858943
ANON,https://psiphon.ca/,8452,2018-02-19 9:24:40,f,http-diff,520,psiphon.ca | 520: Web server is returning an unknown error,https://explorer.ooni.torproject.org/measurement/20180219T091113Z_AS8452_KxDjse0Uxy0aglU4hSzfmPWki6XJ1Um8CZ11520gOsh3QEzMZ7?input=https://psiphon.ca/,http://api.ooni.io/api/v1/measurement/temp-id-163411067
ANON,https://www.purevpn.com/,8452,2018-02-19 9:58:18,f,http-diff,525,www.purevpn.com | 525: SSL handshake failed,https://explorer.ooni.torproject.org/measurement/20180219T091113Z_AS8452_KxDjse0Uxy0aglU4hSzfmPWki6XJ1Um8CZ11520gOsh3QEzMZ7?input=https://www.purevpn.com/,http://api.ooni.io/api/v1/measurement/temp-id-163411741
ANON,https://psiphon.ca,8452,2018-02-19 11:17:22,f,http-diff,524,psiphon.ca | 524: A timeout occurred,https://explorer.ooni.torproject.org/measurement/20180219T101247Z_AS8452_IGpVSug6VQCFyqgue55pcnmSKHU3syz9BXU7YHyCzdIzY4QAXH?input=https://psiphon.ca,http://api.ooni.io/api/v1/measurement/temp-id-163182440
ANON,https://psiphon.ca/,8452,2018-02-19 15:08:14,f,http-diff,520,psiphon.ca | 520: Web server is returning an unknown error,https://explorer.ooni.torproject.org/measurement/20180219T144616Z_AS8452_NCqWXbMycseGXy8cu8SQdYnicRI7g2PoshVFS3VNmXibX7JvgL?input=https://psiphon.ca/,http://api.ooni.io/api/v1/measurement/temp-id-163218969
ANON,https://psiphon.ca/,8452,2018-02-21 9:25:56,f,http-diff,520,psiphon.ca | 520: Web server is returning an unknown error,https://explorer.ooni.torproject.org/measurement/20180221T091353Z_AS8452_wryQ6991z5aYTPIaFeQW02KGQ3kTK2MRG2nFV72k8pxSQMzOrC?input=https://psiphon.ca/,http://api.ooni.io/api/v1/measurement/temp-id-163988140
ANON,https://www.purevpn.com/,8452,2018-02-21 10:01:17,f,http-diff,525,www.purevpn.com | 525: SSL handshake failed,https://explorer.ooni.torproject.org/measurement/20180221T091353Z_AS8452_wryQ6991z5aYTPIaFeQW02KGQ3kTK2MRG2nFV72k8pxSQMzOrC?input=https://www.purevpn.com/,http://api.ooni.io/api/v1/measurement/temp-id-163988813
ANON,https://psiphon.ca/,8452,2018-02-21 13:59:05,f,http-diff,520,psiphon.ca | 520: Web server is returning an unknown error,https://explorer.ooni.torproject.org/measurement/20180221T133738Z_AS8452_34QI7PpV5gLp6iw0N9OjSLmtkR2SbGEznV9joap39727XgTwlO?input=https://psiphon.ca/,http://api.ooni.io/api/v1/measurement/temp-id-163998565
ANON,https://www.purevpn.com/,8452,2018-02-21 14:48:47,f,http-diff,525,www.purevpn.com | 525: SSL handshake failed,https://explorer.ooni.torproject.org/measurement/20180221T133738Z_AS8452_34QI7PpV5gLp6iw0N9OjSLmtkR2SbGEznV9joap39727XgTwlO?input=https://www.purevpn.com/,http://api.ooni.io/api/v1/measurement/temp-id-163999239
ANON,https://psiphon.ca/,8452,2018-02-22 2:50:50,f,http-diff,520,psiphon.ca | 520: Web server is returning an unknown error,https://explorer.ooni.torproject.org/measurement/20180222T025001Z_AS8452_Sk5080aDHXSsltFbTsHHWD3MtiviT7jRcDtZ3n00oMsXVqgX8K?input=https://psiphon.ca/,http://api.ooni.io/api/v1/measurement/temp-id-164014157
ANON,https://psiphon.ca/,8452,2018-02-22 9:19:45,f,http-diff,520,psiphon.ca | 520: Web server is returning an unknown error,https://explorer.ooni.torproject.org/measurement/20180222T090708Z_AS8452_UYSALRxJtLrEChMOT3DuIry1ejHFtzf0digrWJaunYxAMAhOw5?input=https://psiphon.ca/,http://api.ooni.io/api/v1/measurement/temp-id-164092200
ANON,https://psiphon.ca/,8452,2018-02-22 9:47:18,f,http-diff,520,psiphon.ca | 520: Web server is returning an unknown error,https://explorer.ooni.torproject.org/measurement/20180222T092802Z_AS8452_vsu88Qy5RZ58YtZcvpVDXRRTT9OfQ4Vn9E601Xb30H7C5RQGFZ?input=https://psiphon.ca/,http://api.ooni.io/api/v1/measurement/temp-id-164268469
ANON,https://www.purevpn.com/,8452,2018-02-22 11:38:38,f,http-diff,530,Origin DNS error | www.purevpn.com | Cloudflare,https://explorer.ooni.torproject.org/measurement/20180222T092802Z_AS8452_vsu88Qy5RZ58YtZcvpVDXRRTT9OfQ4Vn9E601Xb30H7C5RQGFZ?input=https://www.purevpn.com/,http://api.ooni.io/api/v1/measurement/temp-id-164269151
ANON,https://psiphon.ca,8452,2018-02-22 13:04:29,f,http-diff,520,psiphon.ca | 520: Web server is returning an unknown error,https://explorer.ooni.torproject.org/measurement/20180222T115312Z_AS8452_sU4Tb1ILmR9f38LiMNtQ8yvISYY7DihUHx6FXWVnsWI8Jd7ejg?input=https://psiphon.ca,http://api.ooni.io/api/v1/measurement/temp-id-164039894
ANON,https://psiphon.ca/,8452,2018-02-25 9:28:10,f,http-diff,520,psiphon.ca | 520: Web server is returning an unknown error,https://explorer.ooni.torproject.org/measurement/20180225T091510Z_AS8452_LsetZmzvI4wVA5qB0l831pBWPilq8eQ9kIA3FXndRfyODpZPRX?input=https://psiphon.ca/,http://api.ooni.io/api/v1/measurement/temp-id-165096674
ANON,https://www.purevpn.com/,8452,2018-02-25 10:06:37,f,http-diff,525,www.purevpn.com | 525: SSL handshake failed,https://explorer.ooni.torproject.org/measurement/20180225T091510Z_AS8452_LsetZmzvI4wVA5qB0l831pBWPilq8eQ9kIA3FXndRfyODpZPRX?input=https://www.purevpn.com/,http://api.ooni.io/api/v1/measurement/temp-id-165097349
ANON,https://psiphon.ca,8452,2018-02-25 11:49:39,f,http-diff,520,psiphon.ca | 520: Web server is returning an unknown error,https://explorer.ooni.torproject.org/measurement/20180225T103737Z_AS8452_CQumMBMqkVDOItGyesNL2WAS6dF5w0izKX43w2nvTzL3fsu5XZ?input=https://psiphon.ca,http://api.ooni.io/api/v1/measurement/temp-id-164925782
ANON,https://psiphon.ca,8452,2018-02-27 13:08:04,f,http-diff,520,psiphon.ca | 520: Web server is returning an unknown error,https://explorer.ooni.torproject.org/measurement/20180227T102515Z_AS8452_dMefQQYR8CUX56K6Swhv4T91X8HTnUMh44rLJopj6ofnVBEkWt?input=https://psiphon.ca,http://api.ooni.io/api/v1/measurement/temp-id-165406202
ANON,https://www.purevpn.com/,8452,2018-02-28 7:10:32,f,http-diff,525,www.purevpn.com | 525: SSL handshake failed,https://explorer.ooni.torproject.org/measurement/20180228T070850Z_AS8452_vuN6e6d2hbieBAMEknEkcKJJXMKuV1ZgY2ViEp797Z8BKsUCoq?input=https://www.purevpn.com/,http://api.ooni.io/api/v1/measurement/temp-id-165750144
ANON,https://psiphon.ca/,8452,2018-02-28 12:59:12,f,http-diff,520,psiphon.ca | 520: Web server is returning an unknown error,https://explorer.ooni.torproject.org/measurement/20180228T123815Z_AS8452_7iu8XiXCZtgviu52JYUFxpsGODTMltSqi35Xd2vVNHROXuCFD0?input=https://psiphon.ca/,http://api.ooni.io/api/v1/measurement/temp-id-165937852
ANON,https://www.purevpn.com/,8452,2018-02-28 14:05:35,f,http-diff,525,www.purevpn.com | 525: SSL handshake failed,https://explorer.ooni.torproject.org/measurement/20180228T123815Z_AS8452_7iu8XiXCZtgviu52JYUFxpsGODTMltSqi35Xd2vVNHROXuCFD0?input=https://www.purevpn.com/,http://api.ooni.io/api/v1/measurement/temp-id-165938527
ANON,https://psiphon.ca/,8452,2018-03-01 8:56:26,f,http-diff,520,psiphon.ca | 520: Web server is returning an unknown error,https://explorer.ooni.torproject.org/measurement/20180301T084145Z_AS8452_fdTZhxH8u9IuuMy9Gt2Id3eogyflHwmgEsDRhnocWzMnn6tR25?input=https://psiphon.ca/,http://api.ooni.io/api/v1/measurement/temp-id-166204441
ANON,https://psiphon.ca/,8452,2018-03-04 7:09:11,f,http-diff,520,psiphon.ca | 520: Web server is returning an unknown error,https://explorer.ooni.torproject.org/measurement/20180304T070815Z_AS8452_5m6K599fUlDmAngR9rfVTnNjtHrsnp4c1FSlYoTuStzTybX76U?input=https://psiphon.ca/,http://api.ooni.io/api/v1/measurement/temp-id-166778889
ANON,https://psiphon.ca/,8452,2018-03-04 9:55:33,f,http-diff,520,psiphon.ca | 520: Web server is returning an unknown error,https://explorer.ooni.torproject.org/measurement/20180304T094103Z_AS8452_QVzaolU9qrBkCi4hri7tueOPWyZ8DALg03LWxsFbUujMpU9djg?input=https://psiphon.ca/,http://api.ooni.io/api/v1/measurement/temp-id-167011757
ANON,https://www.purevpn.com/,8452,2018-03-04 10:30:11,f,http-diff,525,www.purevpn.com | 525: SSL handshake failed,https://explorer.ooni.torproject.org/measurement/20180304T094103Z_AS8452_QVzaolU9qrBkCi4hri7tueOPWyZ8DALg03LWxsFbUujMpU9djg?input=https://www.purevpn.com/,http://api.ooni.io/api/v1/measurement/temp-id-167012432
ANON,https://www.purevpn.com/,8452,2018-03-04 20:39:18,f,http-diff,525,www.purevpn.com | 525: SSL handshake failed,https://explorer.ooni.torproject.org/measurement/20180304T203805Z_AS8452_wPMaln1Pcp64lPwmV2IfnEl2cpxDyzQH69EopBPQ8cMtan0w4x?input=https://www.purevpn.com/,http://api.ooni.io/api/v1/measurement/temp-id-166833571
ANON,https://psiphon.ca/,8452,2018-03-05 9:08:23,f,http-diff,520,psiphon.ca | 520: Web server is returning an unknown error,https://explorer.ooni.torproject.org/measurement/20180305T085424Z_AS8452_n6IyV1WMhIIpk7fZqQEmNbLQcvlqBhXHobANJbUTsqvmp0Xntn?input=https://psiphon.ca/,http://api.ooni.io/api/v1/measurement/temp-id-167299336
ANON,https://www.purevpn.com/,8452,2018-03-05 9:45:52,f,http-diff,525,www.purevpn.com | 525: SSL handshake failed,https://explorer.ooni.torproject.org/measurement/20180305T085424Z_AS8452_n6IyV1WMhIIpk7fZqQEmNbLQcvlqBhXHobANJbUTsqvmp0Xntn?input=https://www.purevpn.com/,http://api.ooni.io/api/v1/measurement/temp-id-167300011
ANON,https://psiphon.ca,8452,2018-03-05 11:01:59,f,http-diff,520,psiphon.ca | 520: Web server is returning an unknown error,https://explorer.ooni.torproject.org/measurement/20180305T100927Z_AS8452_XmeI14tWlosZHqM3jgrb7p5Ul9soaxAiumLTTenKg1qAWHnUZc?input=https://psiphon.ca,http://api.ooni.io/api/v1/measurement/temp-id-167063049
ANON,https://psiphon.ca/,36992,2018-03-06 7:00:58,f,http-diff,520,psiphon.ca | 520: Web server is returning an unknown error,https://explorer.ooni.torproject.org/measurement/20180306T065957Z_AS36992_C5bLDOit3p4OQfl6Ym6lPebZ70j2O9lKKxqNBLoI6StkcPcF1S?input=https://psiphon.ca/,http://api.ooni.io/api/v1/measurement/temp-id-167355497
ANON,https://psiphon.ca/,8452,2018-03-06 8:39:21,f,http-diff,520,psiphon.ca | 520: Web server is returning an unknown error,https://explorer.ooni.torproject.org/measurement/20180306T082354Z_AS8452_oROruxPnBdBAdWItRJAJ1oqB6sQc5rAztbjs1yYvxDFmmfOBFC?input=https://psiphon.ca/,http://api.ooni.io/api/v1/measurement/temp-id-167584144
ANON,https://www.purevpn.com/,8452,2018-03-06 9:11:35,f,http-diff,525,www.purevpn.com | 525: SSL handshake failed,https://explorer.ooni.torproject.org/measurement/20180306T082354Z_AS8452_oROruxPnBdBAdWItRJAJ1oqB6sQc5rAztbjs1yYvxDFmmfOBFC?input=https://www.purevpn.com/,http://api.ooni.io/api/v1/measurement/temp-id-167584818
ANON,https://psiphon.ca,8452,2018-03-06 11:16:32,f,http-diff,520,psiphon.ca | 520: Web server is returning an unknown error,https://explorer.ooni.torproject.org/measurement/20180306T093151Z_AS8452_XWK6Xg2zWzrGcJvcFTgD9u26kisF7Es96gEYnjeFNRgrJt6Sj2?input=https://psiphon.ca,http://api.ooni.io/api/v1/measurement/temp-id-167368495
ANON,https://psiphon.ca/,8452,2018-03-07 8:34:05,f,http-diff,520,psiphon.ca | 520: Web server is returning an unknown error,https://explorer.ooni.torproject.org/measurement/20180307T082201Z_AS8452_1z9gvM5sq9YdIYLkCoFSN3mfVeNlgVH8jrAC40LnavuCS0T3Lc?input=https://psiphon.ca/,http://api.ooni.io/api/v1/measurement/temp-id-167855897
ANON,https://www.purevpn.com/,8452,2018-03-07 9:14:27,f,http-diff,525,www.purevpn.com | 525: SSL handshake failed,https://explorer.ooni.torproject.org/measurement/20180307T082201Z_AS8452_1z9gvM5sq9YdIYLkCoFSN3mfVeNlgVH8jrAC40LnavuCS0T3Lc?input=https://www.purevpn.com/,http://api.ooni.io/api/v1/measurement/temp-id-167856569
ANON,https://psiphon.ca,8452,2018-03-07 10:32:28,f,http-diff,520,psiphon.ca | 520: Web server is returning an unknown error,https://explorer.ooni.torproject.org/measurement/20180307T093256Z_AS8452_jQqnihQ72RhhWVNtXRZ8LrAenani8eIt6t9afSsHMbufXuPF0H?input=https://psiphon.ca,http://api.ooni.io/api/v1/measurement/temp-id-167638191
ANON,https://psiphon.ca/,8452,2018-03-08 8:45:29,f,http-diff,520,psiphon.ca | 520: Web server is returning an unknown error,https://explorer.ooni.torproject.org/measurement/20180308T083200Z_AS8452_cbaRgRTddii41IeKBeMEb16FbJm4Fyj1lgVmvEWy6ELWL7PkL0?input=https://psiphon.ca/,http://api.ooni.io/api/v1/measurement/temp-id-168147659
ANON,https://www.purevpn.com/,8452,2018-03-08 9:16:47,f,http-diff,525,www.purevpn.com | 525: SSL handshake failed,https://explorer.ooni.torproject.org/measurement/20180308T083200Z_AS8452_cbaRgRTddii41IeKBeMEb16FbJm4Fyj1lgVmvEWy6ELWL7PkL0?input=https://www.purevpn.com/,http://api.ooni.io/api/v1/measurement/temp-id-168148332
ANON,https://psiphon.ca,8452,2018-03-08 10:29:22,f,http-diff,520,psiphon.ca | 520: Web server is returning an unknown error,https://explorer.ooni.torproject.org/measurement/20180308T093025Z_AS8452_KoAlgM2oNQOeX45ZQzqx4GLJ91IYs75f5cVeyUWetUojNRqvFC?input=https://psiphon.ca,http://api.ooni.io/api/v1/measurement/temp-id-167917756
ANON,https://psiphon.ca/,8452,2018-03-11 8:30:35,f,http-diff,520,psiphon.ca | 520: Web server is returning an unknown error,https://explorer.ooni.torproject.org/measurement/20180311T081741Z_AS8452_XP7G8u8NSHQfqRdK7JHcZCsYqn2cwXeuqfclWRVdfajryBtDDk?input=https://psiphon.ca/,http://api.ooni.io/api/v1/measurement/temp-id-168969912
ANON,https://www.purevpn.com/,8452,2018-03-11 9:04:10,f,http-diff,525,www.purevpn.com | 525: SSL handshake failed,https://explorer.ooni.torproject.org/measurement/20180311T081741Z_AS8452_XP7G8u8NSHQfqRdK7JHcZCsYqn2cwXeuqfclWRVdfajryBtDDk?input=https://www.purevpn.com/,http://api.ooni.io/api/v1/measurement/temp-id-168970585
ANON,https://psiphon.ca,8452,2018-03-11 10:19:33,f,http-diff,520,psiphon.ca | 520: Web server is returning an unknown error,https://explorer.ooni.torproject.org/measurement/20180311T091932Z_AS8452_aBbSvdJ6pkUGKlKfQDfK0QLxgNZvHgnTHrcKSdy8zBxV857QW3?input=https://psiphon.ca,http://api.ooni.io/api/v1/measurement/temp-id-168761480
ANON,https://psiphon.ca/,36935,2018-03-12 0:02:20,f,http-diff,520,psiphon.ca | 520: Web server is returning an unknown error,https://explorer.ooni.torproject.org/measurement/20180312T000158Z_AS36935_cpuA9yLhbZL51VaP2aLxMwugPRlAIuLhzRpZOR0sla0EzCSYzo?input=https://psiphon.ca/,http://api.ooni.io/api/v1/measurement/temp-id-168736969
ANON,https://psiphon.ca/,8452,2018-03-12 9:00:18,f,http-diff,520,psiphon.ca | 520: Web server is returning an unknown error,https://explorer.ooni.torproject.org/measurement/20180312T084734Z_AS8452_Rcwmu4VfM0VHXnQHLgQq4gKLmk0fofyKs98rDUAefaBAOeFpw4?input=https://psiphon.ca/,http://api.ooni.io/api/v1/measurement/temp-id-169246312
ANON,https://www.purevpn.com/,8452,2018-03-12 9:33:16,f,http-diff,525,www.purevpn.com | 525: SSL handshake failed,https://explorer.ooni.torproject.org/measurement/20180312T084734Z_AS8452_Rcwmu4VfM0VHXnQHLgQq4gKLmk0fofyKs98rDUAefaBAOeFpw4?input=https://www.purevpn.com/,http://api.ooni.io/api/v1/measurement/temp-id-169246985
ANON,https://psiphon.ca,8452,2018-03-12 10:45:31,f,http-diff,520,psiphon.ca | 520: Web server is returning an unknown error,https://explorer.ooni.torproject.org/measurement/20180312T095207Z_AS8452_SnoV7EehTLCnxHxIuClljGmLyvg6etWfQ3OacQq81BF64oGo68?input=https://psiphon.ca,http://api.ooni.io/api/v1/measurement/temp-id-169033472
ANON,https://psiphon.ca/,8452,2018-03-13 8:55:34,f,http-diff,520,psiphon.ca | 520: Web server is returning an unknown error,https://explorer.ooni.torproject.org/measurement/20180313T084236Z_AS8452_ZQULofmCvQTPYuzn4X1B78Sa4PsqwFk8jhPrpQbbhijyMofDV7?input=https://psiphon.ca/,http://api.ooni.io/api/v1/measurement/temp-id-169545245
ANON,https://www.purevpn.com/,8452,2018-03-13 9:28:58,f,http-diff,525,www.purevpn.com | 525: SSL handshake failed,https://explorer.ooni.torproject.org/measurement/20180313T084236Z_AS8452_ZQULofmCvQTPYuzn4X1B78Sa4PsqwFk8jhPrpQbbhijyMofDV7?input=https://www.purevpn.com/,http://api.ooni.io/api/v1/measurement/temp-id-169545918
ANON,https://psiphon.ca,8452,2018-03-13 10:41:19,f,http-diff,520,psiphon.ca | 520: Web server is returning an unknown error,https://explorer.ooni.torproject.org/measurement/20180313T094554Z_AS8452_UGQizd3vXNzR42s7KxSzUdvVKTyrOlxmcGq3eAVA5zplgcck3A?input=https://psiphon.ca,http://api.ooni.io/api/v1/measurement/temp-id-169371624
ANON,https://www.purevpn.com/,8452,2018-03-13 21:11:33,f,http-diff,525,www.purevpn.com | 525: SSL handshake failed,https://explorer.ooni.torproject.org/measurement/20180313T211040Z_AS8452_u3rLR187YQX6igoMjpO7jimqtNZzW9xvTJFyA0usfVE1J7e5HM?input=https://www.purevpn.com/,http://api.ooni.io/api/v1/measurement/temp-id-169355722
ANON,https://psiphon.ca/,8452,2018-03-14 9:50:37,f,http-diff,520,psiphon.ca | 520: Web server is returning an unknown error,https://explorer.ooni.torproject.org/measurement/20180314T093823Z_AS8452_WWSYANHIa8DoLQcFsXptKLThS8kW7x4txGmcNAzk95kccVupn1?input=https://psiphon.ca/,http://api.ooni.io/api/v1/measurement/temp-id-169835467
ANON,https://www.purevpn.com/,8452,2018-03-14 10:24:46,f,http-diff,525,www.purevpn.com | 525: SSL handshake failed,https://explorer.ooni.torproject.org/measurement/20180314T093823Z_AS8452_WWSYANHIa8DoLQcFsXptKLThS8kW7x4txGmcNAzk95kccVupn1?input=https://www.purevpn.com/,http://api.ooni.io/api/v1/measurement/temp-id-169836141
ANON,https://psiphon.ca,8452,2018-03-14 11:39:19,f,http-diff,520,psiphon.ca | 520: Web server is returning an unknown error,https://explorer.ooni.torproject.org/measurement/20180314T105030Z_AS8452_wTTKGUP0qGlaxynFTzZWajfDVEjV510yWAH7z2zmfS7LHfGA08?input=https://psiphon.ca,http://api.ooni.io/api/v1/measurement/temp-id-169591356
ANON,https://psiphon.ca/,8452,2018-03-15 8:48:57,f,http-diff,520,psiphon.ca | 520: Web server is returning an unknown error,https://explorer.ooni.torproject.org/measurement/20180315T083530Z_AS8452_7HFxhwNFKS3ACJTJGaCDQYNEGIrZ9VYtMm3yoB9InAOrp1INY1?input=https://psiphon.ca/,http://api.ooni.io/api/v1/measurement/temp-id-170121114
ANON,https://psiphon.ca/,8452,2018-03-15 10:41:31,f,http-diff,520,psiphon.ca | 520: Web server is returning an unknown error,https://explorer.ooni.torproject.org/measurement/20180315T094218Z_AS8452_92XZ0nnYwj4CQ7F9gOCwh98zWh5wolcqcERFtvShh4W6XExF1k?input=https://psiphon.ca/,http://api.ooni.io/api/v1/measurement/temp-id-170128681
ANON,https://www.purevpn.com/,8452,2018-03-15 12:26:50,f,http-diff,525,www.purevpn.com | 525: SSL handshake failed,https://explorer.ooni.torproject.org/measurement/20180315T094218Z_AS8452_92XZ0nnYwj4CQ7F9gOCwh98zWh5wolcqcERFtvShh4W6XExF1k?input=https://www.purevpn.com/,http://api.ooni.io/api/v1/measurement/temp-id-170129355
ANON,https://psiphon.ca/,8452,2018-03-15 17:56:27,f,http-diff,520,psiphon.ca | 520: Web server is returning an unknown error,https://explorer.ooni.torproject.org/measurement/20180315T173202Z_AS8452_XhHxjztLuMMepPB4DQSCZ81br7gO4XV0tLzOC0fHnkbd0C0WuQ?input=https://psiphon.ca/,http://api.ooni.io/api/v1/measurement/temp-id-169866555
ANON,https://psiphon.ca/,8452,2018-03-16 8:58:52,f,http-diff,520,psiphon.ca | 520: Web server is returning an unknown error,https://explorer.ooni.torproject.org/measurement/20180316T084212Z_AS8452_6yRoDrBdLyBKxwikvXK1Y8vVvy4KYSFeZO1by5M1ktKIG4x9jv?input=https://psiphon.ca/,http://api.ooni.io/api/v1/measurement/temp-id-170412037
ANON,https://www.purevpn.com/,8452,2018-03-16 10:02:33,f,http-diff,525,www.purevpn.com | 525: SSL handshake failed,https://explorer.ooni.torproject.org/measurement/20180316T084212Z_AS8452_6yRoDrBdLyBKxwikvXK1Y8vVvy4KYSFeZO1by5M1ktKIG4x9jv?input=https://www.purevpn.com/,http://api.ooni.io/api/v1/measurement/temp-id-170412710
ANON,https://psiphon.ca,8452,2018-03-16 11:37:00,f,http-diff,520,psiphon.ca | 520: Web server is returning an unknown error,https://explorer.ooni.torproject.org/measurement/20180316T102940Z_AS8452_oulzmSWjXk3r3ZrCrIUip1KSDDsWhTMIgudzViDtKo0Cd6jVVF?input=https://psiphon.ca,http://api.ooni.io/api/v1/measurement/temp-id-170177469
ANON,https://www.purevpn.com/,0,2018-03-17 13:58:40,f,http-diff,525,www.purevpn.com | 525: SSL handshake failed,https://explorer.ooni.torproject.org/measurement/20180317T135801Z_AS0_LjfETvHYvAL2M8wsk9pjWHRVliV3oxweJyzaQVtJl49uQvvMdy?input=https://www.purevpn.com/,http://api.ooni.io/api/v1/measurement/temp-id-170445800
ANON,https://psiphon.ca/,8452,2018-03-18 8:55:06,f,http-diff,520,psiphon.ca | 520: Web server is returning an unknown error,https://explorer.ooni.torproject.org/measurement/20180318T083912Z_AS8452_PUbZXWNEKGsuIYeGcZvHZpEqzfCdC1O7leDrBFwY0DOE3UPebH?input=https://psiphon.ca/,http://api.ooni.io/api/v1/measurement/temp-id-171284452
ANON,https://psiphon.ca/,8452,2018-03-18 9:22:07,f,http-diff,520,psiphon.ca | 520: Web server is returning an unknown error,https://explorer.ooni.torproject.org/measurement/20180318T090929Z_AS8452_gf96lwrIRx9WnZ1ed8QRhi1sMu2ONRcdleOPfxVGw2yd3Yvf7o?input=https://psiphon.ca/,http://api.ooni.io/api/v1/measurement/temp-id-171287891
ANON,https://www.purevpn.com/,8452,2018-03-18 9:38:31,f,http-diff,525,www.purevpn.com | 525: SSL handshake failed,https://explorer.ooni.torproject.org/measurement/20180318T083912Z_AS8452_PUbZXWNEKGsuIYeGcZvHZpEqzfCdC1O7leDrBFwY0DOE3UPebH?input=https://www.purevpn.com/,http://api.ooni.io/api/v1/measurement/temp-id-171285125
ANON,https://www.purevpn.com/,8452,2018-03-18 9:53:53,f,http-diff,525,www.purevpn.com | 525: SSL handshake failed,https://explorer.ooni.torproject.org/measurement/20180318T090929Z_AS8452_gf96lwrIRx9WnZ1ed8QRhi1sMu2ONRcdleOPfxVGw2yd3Yvf7o?input=https://www.purevpn.com/,http://api.ooni.io/api/v1/measurement/temp-id-171288562
ANON,https://psiphon.ca/,8452,2018-03-18 11:41:55,f,http-diff,520,psiphon.ca | 520: Web server is returning an unknown error,https://explorer.ooni.torproject.org/measurement/20180318T112703Z_AS8452_LAASgGEJPngrmd6xyd2XTWrrss5URuyWYT2MlFWnvYP8NURQmf?input=https://psiphon.ca/,http://api.ooni.io/api/v1/measurement/temp-id-171297669
ANON,https://psiphon.ca,8452,2018-03-18 12:09:33,f,http-diff,520,psiphon.ca | 520: Web server is returning an unknown error,https://explorer.ooni.torproject.org/measurement/20180318T111242Z_AS8452_xrcVW9JzXHbNgKF3chYDujDKT6l694ugLw6r3abFJwFWca1aQl?input=https://psiphon.ca,http://api.ooni.io/api/v1/measurement/temp-id-171125060
ANON,https://www.purevpn.com/,8452,2018-03-18 12:31:47,f,http-diff,525,www.purevpn.com | 525: SSL handshake failed,https://explorer.ooni.torproject.org/measurement/20180318T112703Z_AS8452_LAASgGEJPngrmd6xyd2XTWrrss5URuyWYT2MlFWnvYP8NURQmf?input=https://www.purevpn.com/,http://api.ooni.io/api/v1/measurement/temp-id-171298343
ANON,https://psiphon.ca/,8452,2018-03-19 9:18:40,f,http-diff,520,psiphon.ca | 520: Web server is returning an unknown error,https://explorer.ooni.torproject.org/measurement/20180319T090501Z_AS8452_WFEnxXc0EbuPTPxbBehDKRjR0fL9j8jD34GrE5VSiM7v2GHsRS?input=https://psiphon.ca/,http://api.ooni.io/api/v1/measurement/temp-id-171574077
ANON,https://psiphon.ca,8452,2018-03-19 11:17:28,f,http-diff,520,psiphon.ca | 520: Web server is returning an unknown error,https://explorer.ooni.torproject.org/measurement/20180319T101305Z_AS8452_pKcas3INxmVgikqOp1EqXGzZp2KxvPCeM8XDUrwXycGYKE3RcF?input=https://psiphon.ca,http://api.ooni.io/api/v1/measurement/temp-id-171389160
ANON,https://psiphon.ca/,36992,2018-03-20 3:45:07,f,http-diff,520,psiphon.ca | 520: Web server is returning an unknown error,https://explorer.ooni.torproject.org/measurement/20180320T034446Z_AS36992_2NkdZTHrQ2rasUtsZSi9zs6F3ld2MigTD3BP7cNnyf7kCBh3l3?input=https://psiphon.ca/,http://api.ooni.io/api/v1/measurement/temp-id-171663038
ANON,https://psiphon.ca/,8452,2018-03-20 9:43:27,f,http-diff,520,psiphon.ca | 520: Web server is returning an unknown error,https://explorer.ooni.torproject.org/measurement/20180320T093001Z_AS8452_AcHgSWVypve0C7h44UUyUN54TvJ3gRZ2VwoRER8Yak1md1KW2t?input=https://psiphon.ca/,http://api.ooni.io/api/v1/measurement/temp-id-171859639
ANON,https://psiphon.ca/,8452,2018-03-20 11:28:16,f,http-diff,520,psiphon.ca | 520: Web server is returning an unknown error,https://explorer.ooni.torproject.org/measurement/20180320T111006Z_AS8452_r3m7AXecNNh2vSiUwGoytEHROltQfDlRzTbjH8cMmm5opqWbPi?input=https://psiphon.ca/,http://api.ooni.io/api/v1/measurement/temp-id-171864717
ANON,https://psiphon.ca,8452,2018-03-20 11:38:20,f,http-diff,520,psiphon.ca | 520: Web server is returning an unknown error,https://explorer.ooni.torproject.org/measurement/20180320T103603Z_AS8452_3hnDywo5llH7pomY4dGUxZfPEQlwthh4O06bZC586d2gf6gv5V?input=https://psiphon.ca,http://api.ooni.io/api/v1/measurement/temp-id-171629442
ANON,https://psiphon.ca,8452,2018-03-20 13:52:12,f,http-diff,520,psiphon.ca | 520: Web server is returning an unknown error,https://explorer.ooni.torproject.org/measurement/20180320T124146Z_AS8452_IfNfr0INVGZkHaH4oc91q9l7PwjZe4AUmUfGhTeL4BzRc9HOkM?input=https://psiphon.ca,http://api.ooni.io/api/v1/measurement/temp-id-171630595
ANON,https://psiphon.ca/,8452,2018-03-21 8:52:20,f,http-diff,520,psiphon.ca | 520: Web server is returning an unknown error,https://explorer.ooni.torproject.org/measurement/20180321T083831Z_AS8452_BOI90zQdzofTb1XDGQwu14aFrkS165h2KdiOE6mQc4DCZX75B7?input=https://psiphon.ca/,http://api.ooni.io/api/v1/measurement/temp-id-172155146
ANON,https://psiphon.ca/,8452,2018-03-21 9:52:47,f,http-diff,520,psiphon.ca | 520: Web server is returning an unknown error,https://explorer.ooni.torproject.org/measurement/20180321T093450Z_AS8452_UiHi4kl3UHcVNCFbsNDTtX9ga8an0WlARkdlv4F6Laefc34xHb?input=https://psiphon.ca/,http://api.ooni.io/api/v1/measurement/temp-id-172159941
ANON,https://psiphon.ca,8452,2018-03-21 11:21:11,f,http-diff,520,psiphon.ca | 520: Web server is returning an unknown error,https://explorer.ooni.torproject.org/measurement/20180321T095321Z_AS8452_ZXh6MNnz5rPtqoJRqnXAE0cDSQmN2eusf3uUzL7DpFQlrzo1Cu?input=https://psiphon.ca,http://api.ooni.io/api/v1/measurement/temp-id-171945756
ANON,https://psiphon.ca,8452,2018-03-21 12:38:36,f,http-diff,520,psiphon.ca | 520: Web server is returning an unknown error,https://explorer.ooni.torproject.org/measurement/20180321T112239Z_AS8452_SmhR6LNr6t3YCr1ikhbzfHAFW175AEmNChjwXvrHlTWtKW9hnH?input=https://psiphon.ca,http://api.ooni.io/api/v1/measurement/temp-id-171954721
ANON,https://psiphon.ca/,8452,2018-03-25 10:01:20,f,http-diff,525,psiphon.ca | 525: SSL handshake failed,https://explorer.ooni.torproject.org/measurement/20180325T094826Z_AS8452_xMJRfa9mkiAcTDsmHLE3OugXtTrjHPIxO5e1vS34UPJoTl5c90?input=https://psiphon.ca/,http://api.ooni.io/api/v1/measurement/temp-id-173271533
ANON,https://psiphon.ca,8452,2018-03-25 12:34:16,f,http-diff,525,psiphon.ca | 525: SSL handshake failed,https://explorer.ooni.torproject.org/measurement/20180325T104821Z_AS8452_59WMHDAvkiW5r5kT1quUTI6WYimxJCaeK2p2JgwUKQIrevYD53?input=https://psiphon.ca,http://api.ooni.io/api/v1/measurement/temp-id-173055018
ANON,https://psiphon.ca/,8452,2018-03-26 8:55:23,f,http-diff,525,psiphon.ca | 525: SSL handshake failed,https://explorer.ooni.torproject.org/measurement/20180326T084203Z_AS8452_ErUFnD4189jQMprQkFNwc9nWZeAR8byVizsirFJ9MMJnsNBdAK?input=https://psiphon.ca/,http://api.ooni.io/api/v1/measurement/temp-id-173541427
ANON,https://psiphon.ca,8452,2018-03-26 11:05:43,f,http-diff,525,psiphon.ca | 525: SSL handshake failed,https://explorer.ooni.torproject.org/measurement/20180326T100410Z_AS8452_gn91NHg6tJwnsfwGML6PDsOErBReeB02oh9isOrkRIRgKs30R7?input=https://psiphon.ca,http://api.ooni.io/api/v1/measurement/temp-id-173300232
ANON,https://psiphon.ca/,8452,2018-03-26 11:29:49,f,http-diff,525,psiphon.ca | 525: SSL handshake failed,https://explorer.ooni.torproject.org/measurement/20180326T110653Z_AS8452_HcHHI4pPLjqqsvxsHPcXeAl2SdUJudVyFyD6vHzxtTXzHyVff7?input=https://psiphon.ca/,http://api.ooni.io/api/v1/measurement/temp-id-173547838
ANON,https://psiphon.ca/,8452,2018-03-27 8:44:13,f,http-diff,525,psiphon.ca | 525: SSL handshake failed,https://explorer.ooni.torproject.org/measurement/20180327T083043Z_AS8452_hUpmmOnB0pwJZUCM42X480tPbk4QODdQWgTTVxDXrkya8rqJ2p?input=https://psiphon.ca/,http://api.ooni.io/api/v1/measurement/temp-id-173825135
ANON,https://psiphon.ca,8452,2018-03-27 10:43:07,f,http-diff,525,psiphon.ca | 525: SSL handshake failed,https://explorer.ooni.torproject.org/measurement/20180327T093757Z_AS8452_IMb8YVpfwr6zCQu9FHoya2csTvOKpmvEiUCaDddyVyllC4FOwv?input=https://psiphon.ca,http://api.ooni.io/api/v1/measurement/temp-id-173584414
ANON,https://psiphon.ca/,8452,2018-03-27 13:17:45,f,http-diff,525,psiphon.ca | 525: SSL handshake failed,https://explorer.ooni.torproject.org/measurement/20180327T125926Z_AS8452_StLmvggrccDi98XjpIievdf0n2s4UxlEIvde6SxhEq3PFz9g4y?input=https://psiphon.ca/,http://api.ooni.io/api/v1/measurement/temp-id-173576411
ANON,https://psiphon.ca/,8452,2018-03-28 9:02:42,f,http-diff,525,psiphon.ca | 525: SSL handshake failed,https://explorer.ooni.torproject.org/measurement/20180328T084655Z_AS8452_pLtHvUQSaEC06Wzv5ci0zzK2kkhxtZMRsRqPRJOMth5exRm49f?input=https://psiphon.ca/,http://api.ooni.io/api/v1/measurement/temp-id-174116419
ANON,https://psiphon.ca,8452,2018-03-28 12:59:50,f,http-diff,525,psiphon.ca | 525: SSL handshake failed,https://explorer.ooni.torproject.org/measurement/20180328T120443Z_AS8452_U6Tp7PFrv4mZQFuRRj8Y9qs1pGL5wM42d9YhRBZz6mC3E5TnSc?input=https://psiphon.ca,http://api.ooni.io/api/v1/measurement/temp-id-173923044
ANON,https://psiphon.ca/,8452,2018-03-29 8:57:55,f,http-diff,525,psiphon.ca | 525: SSL handshake failed,https://explorer.ooni.torproject.org/measurement/20180329T084517Z_AS8452_OxTyWKShqmMX2f143iMd6XPJg08uRvQttnBKLI3jJc7N4CLtAj?input=https://psiphon.ca/,http://api.ooni.io/api/v1/measurement/temp-id-174426933
ANON,https://psiphon.ca/,8452,2018-03-29 10:04:25,f,http-diff,525,psiphon.ca | 525: SSL handshake failed,https://explorer.ooni.torproject.org/measurement/20180329T094659Z_AS8452_kZhJholPEKVHquM6I2hGIip2M7k5NTntpvclCQNwtfaOmCCqU9?input=https://psiphon.ca/,http://api.ooni.io/api/v1/measurement/temp-id-174456036
ANON,https://psiphon.ca,8452,2018-03-29 10:56:11,f,http-diff,525,psiphon.ca | 525: SSL handshake failed,https://explorer.ooni.torproject.org/measurement/20180329T095113Z_AS8452_916gNmOoBQDWJXcDqU68JgqeP9tc7b4GR5bz2zriTYSC7o0E9J?input=https://psiphon.ca,http://api.ooni.io/api/v1/measurement/temp-id-174170783
ANON,https://psiphon.ca/,8452,2018-03-29 14:17:45,f,http-diff,525,psiphon.ca | 525: SSL handshake failed,https://explorer.ooni.torproject.org/measurement/20180329T135747Z_AS8452_opFeDbfBMINkCiK3UrFetK1a27GsXRzkSRx9sG8qYYcPgauGpt?input=https://psiphon.ca/,http://api.ooni.io/api/v1/measurement/temp-id-174234666
ANON,https://psiphon.ca/,8452,2018-03-30 11:21:18,f,http-diff,525,psiphon.ca | 525: SSL handshake failed,https://explorer.ooni.torproject.org/measurement/20180330T110320Z_AS8452_oK33HSf8lpV9a2bs2wdL2URd1j79nlSVTSG6h1L8U0RNPK7mVw?input=https://psiphon.ca/,http://api.ooni.io/api/v1/measurement/temp-id-174717790
ANON,https://psiphon.ca,8452,2018-03-30 14:01:49,f,http-diff,525,psiphon.ca | 525: SSL handshake failed,https://explorer.ooni.torproject.org/measurement/20180330T124900Z_AS8452_fIu8M50qvm5mSOiT7iju59i4uw1oVRS0MzJYw1zoDR3n9qgO26?input=https://psiphon.ca,http://api.ooni.io/api/v1/measurement/temp-id-174485400
ANON,https://psiphon.ca/,8452,2018-03-31 14:50:59,f,http-diff,525,psiphon.ca | 525: SSL handshake failed,https://explorer.ooni.torproject.org/measurement/20180331T143652Z_AS8452_Sz3b1Jp9rjxpypsGWAMdGH22fQzEmvE0mLhD6dWxSVA2oFSDd0?input=https://psiphon.ca/,http://api.ooni.io/api/v1/measurement/temp-id-175003777
ANON,https://psiphon.ca/,8452,2018-04-01 8:59:55,f,http-diff,525,psiphon.ca | 525: SSL handshake failed,https://explorer.ooni.torproject.org/measurement/20180401T084433Z_AS8452_65WsDTVIf9TTBfmOrpdw2v5LJUbAL3SfTI1ziXteFOjZ9Ed9XA?input=https://psiphon.ca/,http://api.ooni.io/api/v1/measurement/temp-id-175261626
ANON,https://psiphon.ca,8452,2018-04-01 10:50:56,f,http-diff,525,psiphon.ca | 525: SSL handshake failed,https://explorer.ooni.torproject.org/measurement/20180401T095104Z_AS8452_kgiHhYoM4ExuLHf7a0V2iMxAIeZ2x5GR5hV9UcchCoyEYmf9Sn?input=https://psiphon.ca,http://api.ooni.io/api/v1/measurement/temp-id-175046584
ANON,https://psiphon.ca/,8452,2018-04-01 11:35:39,f,http-diff,525,psiphon.ca | 525: SSL handshake failed,https://explorer.ooni.torproject.org/measurement/20180401T111842Z_AS8452_CcoDVoJUrBlD1uxGMRtg4dGPCJMvPP1hyaNsNFWHbeN50zMVGi?input=https://psiphon.ca/,http://api.ooni.io/api/v1/measurement/temp-id-175268554
ANON,https://psiphon.ca/,8452,2018-04-01 18:01:47,f,http-diff,525,psiphon.ca | 525: SSL handshake failed,https://explorer.ooni.torproject.org/measurement/20180401T180106Z_AS8452_b7xX53UsdlHlSzugKc0W6iZP6qI1PfgKnwJ8pjHTMYhNF8KQDp?input=https://psiphon.ca/,http://api.ooni.io/api/v1/measurement/temp-id-175024252
ANON,https://psiphon.ca/,8452,2018-04-02 8:46:07,f,http-diff,525,psiphon.ca | 525: SSL handshake failed,https://explorer.ooni.torproject.org/measurement/20180402T083323Z_AS8452_eXW0IoHQlI1yQy60mqq5BI5d65W4ddXNRBsThbIGdLMQUd9OwV?input=https://psiphon.ca/,http://api.ooni.io/api/v1/measurement/temp-id-175529536
ANON,https://psiphon.ca/,8452,2018-04-02 10:31:32,f,http-diff,525,psiphon.ca | 525: SSL handshake failed,https://explorer.ooni.torproject.org/measurement/20180402T101508Z_AS8452_5UqeephBaIXVAtjDIT3USyKNrGLwy8xe7LoV1TFGjY7JmR9VTF?input=https://psiphon.ca/,http://api.ooni.io/api/v1/measurement/temp-id-175536813
ANON,https://psiphon.ca,8452,2018-04-02 10:53:48,f,http-diff,525,psiphon.ca | 525: SSL handshake failed,https://explorer.ooni.torproject.org/measurement/20180402T093425Z_AS8452_kR29xjHQOLHKTcKkqFyvc4lTQuHQfK9Lcz8u9uRcKsMp6rChEE?input=https://psiphon.ca,http://api.ooni.io/api/v1/measurement/temp-id-175314064
ANON,https://psiphon.ca,8452,2018-04-02 12:39:55,f,http-diff,525,psiphon.ca | 525: SSL handshake failed,https://explorer.ooni.torproject.org/measurement/20180402T112859Z_AS8452_preQPAamz5BzXOozLwgWl7nDMSIjyRucltmsgccLu2GcZdA1Ap?input=https://psiphon.ca,http://api.ooni.io/api/v1/measurement/temp-id-175310269
ANON,https://psiphon.ca/,8452,2018-04-03 8:49:00,f,http-diff,525,psiphon.ca | 525: SSL handshake failed,https://explorer.ooni.torproject.org/measurement/20180403T083638Z_AS8452_VlkOHeLDkiwqLWUYH2RelIMdkJA8OBysJ2dBwcbmqNOd3WiCLC?input=https://psiphon.ca/,http://api.ooni.io/api/v1/measurement/temp-id-175823089
ANON,https://psiphon.ca,8452,2018-04-03 10:41:54,f,http-diff,525,psiphon.ca | 525: SSL handshake failed,https://explorer.ooni.torproject.org/measurement/20180403T093620Z_AS8452_vouyvBCG89cO8ZnpzJ2UeXgDxlbuHXgSFlJUrqZiFVdi7XRzK2?input=https://psiphon.ca,http://api.ooni.io/api/v1/measurement/temp-id-175599059
ANON,https://psiphon.ca/,8452,2018-04-03 11:11:15,f,http-diff,525,psiphon.ca | 525: SSL handshake failed,https://explorer.ooni.torproject.org/measurement/20180403T105318Z_AS8452_1wsRIMketo3OGqq7QXe9z3m0TXS5QECIpPgUdLY81RtTfdSl6l?input=https://psiphon.ca/,http://api.ooni.io/api/v1/measurement/temp-id-175830657
ANON,https://psiphon.ca/,8452,2018-04-04 8:46:41,f,http-diff,525,psiphon.ca | 525: SSL handshake failed,https://explorer.ooni.torproject.org/measurement/20180404T083418Z_AS8452_8n1iLsGPvmkPWbxFUaMozUvviATDVPVTdRqCu6QYIul7mWR3GN?input=https://psiphon.ca/,http://api.ooni.io/api/v1/measurement/temp-id-176120898
ANON,https://psiphon.ca/,8452,2018-04-04 10:47:58,f,http-diff,525,psiphon.ca | 525: SSL handshake failed,https://explorer.ooni.torproject.org/measurement/20180404T103146Z_AS8452_7EN2Elts01ICC09aTHWI9JLWz8SQQy8bri348ghnrnhVb68kFt?input=https://psiphon.ca/,http://api.ooni.io/api/v1/measurement/temp-id-176124252
ANON,https://psiphon.ca,8452,2018-04-04 13:00:10,f,http-diff,525,psiphon.ca | 525: SSL handshake failed,https://explorer.ooni.torproject.org/measurement/20180404T115149Z_AS8452_SW3kX6if31udQ9oP3UHdWpiY5OrhW6zpIkqwFd7oGOnnXvMogP?input=https://psiphon.ca,http://api.ooni.io/api/v1/measurement/temp-id-175881682
ANON,https://psiphon.ca/,8452,2018-04-05 9:06:22,f,http-diff,525,psiphon.ca | 525: SSL handshake failed,https://explorer.ooni.torproject.org/measurement/20180405T084713Z_AS8452_v5stxS5kZIWntkGprC6jWf4mQIuw76Tz6MLqrZEONJmzMeMQg7?input=https://psiphon.ca/,http://api.ooni.io/api/v1/measurement/temp-id-176415265
ANON,https://psiphon.ca,8452,2018-04-05 11:06:08,f,http-diff,525,psiphon.ca | 525: SSL handshake failed,https://explorer.ooni.torproject.org/measurement/20180405T095923Z_AS8452_7EPB8ljEphXmfNSG6BrFGwx5Z0DTnsEu8JRGyW594YKzVQnV3X?input=https://psiphon.ca,http://api.ooni.io/api/v1/measurement/temp-id-176153628
ANON,https://psiphon.ca/,36992,2018-04-05 19:22:12,f,http-diff,525,psiphon.ca | 525: SSL handshake failed,https://explorer.ooni.torproject.org/measurement/20180405T192132Z_AS36992_vOSOKIrkuC5iQyY7ol7sldGeKoCE20PtE12q53o2QJIhWlPsRP?input=https://psiphon.ca/,http://api.ooni.io/api/v1/measurement/temp-id-176155643
ANON,https://psiphon.ca/,8452,2018-04-10 10:27:10,f,http-diff,525,psiphon.ca | 525: SSL handshake failed,https://explorer.ooni.torproject.org/measurement/20180410T101343Z_AS8452_Kkiqnf9gKDiBCbtFBJtVKHwuKkrRUsmmmJP6T0XXTZnPo2aTFb?input=https://psiphon.ca/,http://api.ooni.io/api/v1/measurement/temp-id-177727040
ANON,https://psiphon.ca,8452,2018-04-10 12:16:47,f,http-diff,525,psiphon.ca | 525: SSL handshake failed,https://explorer.ooni.torproject.org/measurement/20180410T111540Z_AS8452_YcuC5OrAFXFBDtGoZsgW3w9DPAUAZ9fhelPDOibQzZEOscd3Gs?input=https://psiphon.ca,http://api.ooni.io/api/v1/measurement/temp-id-177483676
NEWS,https://www.ultrasawt.com,8452,2018-01-03 10:13:48,f,http-diff,520,www.ultrasawt.com | 520: Web server is returning an unknown error,https://explorer.ooni.torproject.org/measurement/20180103T093454Z_AS8452_sVEGr9loIPSudsem4KhVtVUT7MYgSonjcQ0itRWWo1DmMGAPEW?input=https://www.ultrasawt.com,http://api.ooni.io/api/v1/measurement/temp-id-148975582
NEWS,https://www.ultrasawt.com,8452,2018-01-03 12:13:26,f,http-diff,520,www.ultrasawt.com | 520: Web server is returning an unknown error,https://explorer.ooni.torproject.org/measurement/20180103T112923Z_AS8452_I4T5UdVQuMnttAiJmwdmDPnVyVc674qbpPausbOBfEvXwpdJLK?input=https://www.ultrasawt.com,http://api.ooni.io/api/v1/measurement/temp-id-148972425
NEWS,https://www.ultrasawt.com,8452,2018-01-04 3:02:47,f,http-diff,520,www.ultrasawt.com | 520: Web server is returning an unknown error,https://explorer.ooni.torproject.org/measurement/20180104T022649Z_AS8452_WehQcIsO00G5upNjwNfYZaOWLxNT9ZpNmB3qqd5Rgv0X8kplfY?input=https://www.ultrasawt.com,http://api.ooni.io/api/v1/measurement/temp-id-149303457
NEWS,https://www.ultrasawt.com,8452,2018-01-04 10:00:58,f,http-diff,520,www.ultrasawt.com | 520: Web server is returning an unknown error,https://explorer.ooni.torproject.org/measurement/20180104T092105Z_AS8452_hlScvy5wJet3jD5NDY26M9Q9aEnmFwtRJvX2q4f53x3aB1XhqU?input=https://www.ultrasawt.com,http://api.ooni.io/api/v1/measurement/temp-id-149283375
NEWS,https://www.ultrasawt.com,8452,2018-01-08 10:54:27,f,http-diff,520,www.ultrasawt.com | 520: Web server is returning an unknown error,https://explorer.ooni.torproject.org/measurement/20180108T095257Z_AS8452_ld5vlUBAmVh9kgVEMH7ihYa3qOSHvZTbmNNoL46c75pZbVm9bX?input=https://www.ultrasawt.com,http://api.ooni.io/api/v1/measurement/temp-id-150685803
NEWS,https://www.ultrasawt.com,8452,2018-01-09 10:42:50,f,http-diff,520,www.ultrasawt.com | 520: Web server is returning an unknown error,https://explorer.ooni.torproject.org/measurement/20180109T100737Z_AS8452_62KPMnQlbGiMgF21PdMYXecUYNJ0vrHoMjqK3CYn6gfe3BkeQ4?input=https://www.ultrasawt.com,http://api.ooni.io/api/v1/measurement/temp-id-151093882
NEWS,https://www.ultrasawt.com,8452,2018-01-10 10:41:38,f,http-diff,520,www.ultrasawt.com | 520: Web server is returning an unknown error,https://explorer.ooni.torproject.org/measurement/20180110T100725Z_AS8452_yyUBkCIyW3eJdmKYxSlI1Hht3xoV1mRYgczmtXgnip7IPV1mfi?input=https://www.ultrasawt.com,http://api.ooni.io/api/v1/measurement/temp-id-151366030
NEWS,https://www.ultrasawt.com,8452,2018-01-11 10:25:18,f,http-diff,520,www.ultrasawt.com | 520: Web server is returning an unknown error,https://explorer.ooni.torproject.org/measurement/20180111T094337Z_AS8452_SN9Ok8m1r8AhrOBx6kylM5fgynI4BaqKWxyfSbMQiCOYdsRqHk?input=https://www.ultrasawt.com,http://api.ooni.io/api/v1/measurement/temp-id-152103587
NEWS,https://www.ultrasawt.com,8452,2018-01-15 16:37:09,f,http-diff,524,www.ultrasawt.com | 524: A timeout occurred,https://explorer.ooni.torproject.org/measurement/20180115T155002Z_AS8452_1RVDL8tBKKlJzXOQ6WLOt5zQsSal5EOw4ovGWErSRMgx6fLfQt?input=https://www.ultrasawt.com,http://api.ooni.io/api/v1/measurement/temp-id-152990396
NEWS,https://www.ultrasawt.com,8452,2018-01-17 5:21:23,f,http-diff,520,www.ultrasawt.com | 520: Web server is returning an unknown error,https://explorer.ooni.torproject.org/measurement/20180117T043612Z_AS8452_ckLkRY27Ztscw8P8eT4mfNsku12KoZBlOhvaWc30UAPJCK2WKE?input=https://www.ultrasawt.com,http://api.ooni.io/api/v1/measurement/temp-id-153566430
NEWS,https://www.ultrasawt.com,8452,2018-01-21 13:05:03,f,http-diff,520,www.ultrasawt.com | 520: Web server is returning an unknown error,https://explorer.ooni.torproject.org/measurement/20180121T110607Z_AS8452_9DM1BA6ikLgok1dGK3wiz8dHx9pFXciUrFzWqCut2ZEN8L8GC5?input=https://www.ultrasawt.com,http://api.ooni.io/api/v1/measurement/temp-id-154823255
NEWS,https://www.ultrasawt.com,8452,2018-01-22 3:25:31,f,http-diff,520,www.ultrasawt.com | 520: Web server is returning an unknown error,https://explorer.ooni.torproject.org/measurement/20180122T024731Z_AS8452_cxzhlXzLMf69g642x9pQITUtQJJQQXtFEljYwfMrlUSDC2uvvG?input=https://www.ultrasawt.com,http://api.ooni.io/api/v1/measurement/temp-id-155115849
NEWS,https://www.ultrasawt.com,8452,2018-01-25 9:50:48,f,http-diff,520,www.ultrasawt.com | 520: Web server is returning an unknown error,https://explorer.ooni.torproject.org/measurement/20180125T085916Z_AS8452_XWF4nZ9wo2NDRAthVzT8qh9ZSgpqS6j2q1052CkzxfFqLcECMC?input=https://www.ultrasawt.com,http://api.ooni.io/api/v1/measurement/temp-id-156851002
NEWS,https://www.ultrasawt.com,8452,2018-01-28 13:29:21,f,http-diff,520,www.ultrasawt.com | 520: Web server is returning an unknown error,https://explorer.ooni.torproject.org/measurement/20180128T123624Z_AS8452_qXyvUND3nCB93KzG1tCmTylQR87ECjrad1e2cBjUcwCvcNTAbj?input=https://www.ultrasawt.com,http://api.ooni.io/api/v1/measurement/temp-id-157189330
NEWS,https://www.ultrasawt.com,8452,2018-02-07 12:23:34,f,http-diff,524,www.ultrasawt.com | 524: A timeout occurred,https://explorer.ooni.torproject.org/measurement/20180207T112328Z_AS8452_f0sXakjgM5IAufdgp7yKOrFbMgKLVtUvPoRuZqHJsUz2DOuDLW?input=https://www.ultrasawt.com,http://api.ooni.io/api/v1/measurement/temp-id-160169801
NEWS,https://www.ultrasawt.com,8452,2018-02-08 11:00:39,f,http-diff,524,www.ultrasawt.com | 524: A timeout occurred,https://explorer.ooni.torproject.org/measurement/20180208T094709Z_AS8452_XoUrhVocYllQnF4QmXXbcbsG9PHkjUL2Scipah55DXvhiJ1Z7O?input=https://www.ultrasawt.com,http://api.ooni.io/api/v1/measurement/temp-id-160447216
NEWS,https://www.ultrasawt.com,8452,2018-02-08 15:13:40,f,http-diff,524,www.ultrasawt.com | 524: A timeout occurred,https://explorer.ooni.torproject.org/measurement/20180208T134745Z_AS8452_zDr5LLdZ9VhDKJpz995sPYFSmbGcTUW1pZ0AyIJdjlV5xY2e7y?input=https://www.ultrasawt.com,http://api.ooni.io/api/v1/measurement/temp-id-160400926
NEWS,https://www.ultrasawt.com,8452,2018-02-11 13:12:45,f,http-diff,520,www.ultrasawt.com | 520: Web server is returning an unknown error,https://explorer.ooni.torproject.org/measurement/20180211T110940Z_AS8452_w9pZlW4J7IaIx1oNhO1xhC5l1QTwUuPuyD12RSyTyIoocxyovw?input=https://www.ultrasawt.com,http://api.ooni.io/api/v1/measurement/temp-id-161207934
NEWS,https://www.ultrasawt.com,8452,2018-02-12 11:17:42,f,http-diff,520,www.ultrasawt.com | 520: Web server is returning an unknown error,https://explorer.ooni.torproject.org/measurement/20180212T101156Z_AS8452_Qel3f69qOInZzGVbWn2rByiSXWTSrB40L6rCzeoP8A6oMGO5mX?input=https://www.ultrasawt.com,http://api.ooni.io/api/v1/measurement/temp-id-161497220
NEWS,https://www.ultrasawt.com,8452,2018-02-12 12:47:48,f,http-diff,520,www.ultrasawt.com | 520: Web server is returning an unknown error,https://explorer.ooni.torproject.org/measurement/20180212T114343Z_AS8452_dG9ZN05kEKrS4aks6jA1eAgxVuaSZr9O7Pb0K23fTzPozteOxZ?input=https://www.ultrasawt.com,http://api.ooni.io/api/v1/measurement/temp-id-161500372
NEWS,https://www.ultrasawt.com,8452,2018-02-13 10:41:25,f,http-diff,520,www.ultrasawt.com | 520: Web server is returning an unknown error,https://explorer.ooni.torproject.org/measurement/20180213T094240Z_AS8452_W1EJ2HuXlTjrU1kKIwxiFFeatRuimf9uGzRNG2RPQebQFoXDm7?input=https://www.ultrasawt.com,http://api.ooni.io/api/v1/measurement/temp-id-161765912
NEWS,https://www.ultrasawt.com,8452,2018-02-14 14:03:40,f,http-diff,520,www.ultrasawt.com | 520: Web server is returning an unknown error,https://explorer.ooni.torproject.org/measurement/20180214T130355Z_AS8452_6hB4A9oMkn7D3OZ4rLkGPEzEN5FqJIKT6K1B9d05C1ePUAKftw?input=https://www.ultrasawt.com,http://api.ooni.io/api/v1/measurement/temp-id-170780533
NEWS,https://www.ultrasawt.com,8452,2018-02-15 11:42:16,f,http-diff,520,www.ultrasawt.com | 520: Web server is returning an unknown error,https://explorer.ooni.torproject.org/measurement/20180215T095923Z_AS8452_90Mo01fylUIwbUwjADWscy1mwFTa8M9zGbSs1c9NIwWQ1gYhkz?input=https://www.ultrasawt.com,http://api.ooni.io/api/v1/measurement/temp-id-162121429
NEWS,https://www.ultrasawt.com,8452,2018-02-18 14:18:41,f,http-diff,520,www.ultrasawt.com | 520: Web server is returning an unknown error,https://explorer.ooni.torproject.org/measurement/20180218T133244Z_AS8452_lXH7iC6X269p6RkUlbtqCFBwA9mqe8nXKONcilDSV4E8mhJw7Z?input=https://www.ultrasawt.com,http://api.ooni.io/api/v1/measurement/temp-id-162858671
NEWS,https://www.ultrasawt.com,8452,2018-02-19 11:00:59,f,http-diff,520,www.ultrasawt.com | 520: Web server is returning an unknown error,https://explorer.ooni.torproject.org/measurement/20180219T101247Z_AS8452_IGpVSug6VQCFyqgue55pcnmSKHU3syz9BXU7YHyCzdIzY4QAXH?input=https://www.ultrasawt.com,http://api.ooni.io/api/v1/measurement/temp-id-163182153
NEWS,https://www.ultrasawt.com,8452,2018-02-22 12:32:34,f,http-diff,520,www.ultrasawt.com | 520: Web server is returning an unknown error,https://explorer.ooni.torproject.org/measurement/20180222T115312Z_AS8452_sU4Tb1ILmR9f38LiMNtQ8yvISYY7DihUHx6FXWVnsWI8Jd7ejg?input=https://www.ultrasawt.com,http://api.ooni.io/api/v1/measurement/temp-id-164039623
NEWS,https://www.ultrasawt.com,8452,2018-02-25 11:24:43,f,http-diff,520,www.ultrasawt.com | 520: Web server is returning an unknown error,https://explorer.ooni.torproject.org/measurement/20180225T103737Z_AS8452_CQumMBMqkVDOItGyesNL2WAS6dF5w0izKX43w2nvTzL3fsu5XZ?input=https://www.ultrasawt.com,http://api.ooni.io/api/v1/measurement/temp-id-164925512
NEWS,https://www.ultrasawt.com,8452,2018-03-01 11:35:56,f,http-diff,520,www.ultrasawt.com | 520: Web server is returning an unknown error,https://explorer.ooni.torproject.org/measurement/20180301T102954Z_AS8452_tq94mWTRueprlXghFqy8CBJ8ykE5Z2J5ype95KKK6X8bMy4n5S?input=https://www.ultrasawt.com,http://api.ooni.io/api/v1/measurement/temp-id-166035542
NEWS,https://www.ultrasawt.com,8452,2018-03-05 10:48:35,f,http-diff,520,www.ultrasawt.com | 520: Web server is returning an unknown error,https://explorer.ooni.torproject.org/measurement/20180305T100927Z_AS8452_XmeI14tWlosZHqM3jgrb7p5Ul9soaxAiumLTTenKg1qAWHnUZc?input=https://www.ultrasawt.com,http://api.ooni.io/api/v1/measurement/temp-id-167062778
NEWS,https://www.ultrasawt.com,8452,2018-03-06 10:10:30,f,http-diff,520,www.ultrasawt.com | 520: Web server is returning an unknown error,https://explorer.ooni.torproject.org/measurement/20180306T093151Z_AS8452_XWK6Xg2zWzrGcJvcFTgD9u26kisF7Es96gEYnjeFNRgrJt6Sj2?input=https://www.ultrasawt.com,http://api.ooni.io/api/v1/measurement/temp-id-167368224
NEWS,https://www.ultrasawt.com,8452,2018-03-07 10:14:41,f,http-diff,520,www.ultrasawt.com | 520: Web server is returning an unknown error,https://explorer.ooni.torproject.org/measurement/20180307T093256Z_AS8452_jQqnihQ72RhhWVNtXRZ8LrAenani8eIt6t9afSsHMbufXuPF0H?input=https://www.ultrasawt.com,http://api.ooni.io/api/v1/measurement/temp-id-167637919
NEWS,https://www.ultrasawt.com,8452,2018-03-08 10:14:11,f,http-diff,520,www.ultrasawt.com | 520: Web server is returning an unknown error,https://explorer.ooni.torproject.org/measurement/20180308T093025Z_AS8452_KoAlgM2oNQOeX45ZQzqx4GLJ91IYs75f5cVeyUWetUojNRqvFC?input=https://www.ultrasawt.com,http://api.ooni.io/api/v1/measurement/temp-id-167917485
NEWS,https://www.ultrasawt.com,8452,2018-03-11 10:01:51,f,http-diff,520,www.ultrasawt.com | 520: Web server is returning an unknown error,https://explorer.ooni.torproject.org/measurement/20180311T091932Z_AS8452_aBbSvdJ6pkUGKlKfQDfK0QLxgNZvHgnTHrcKSdy8zBxV857QW3?input=https://www.ultrasawt.com,http://api.ooni.io/api/v1/measurement/temp-id-168761209
NEWS,https://www.ultrasawt.com,8452,2018-03-12 10:31:40,f,http-diff,520,www.ultrasawt.com | 520: Web server is returning an unknown error,https://explorer.ooni.torproject.org/measurement/20180312T095207Z_AS8452_SnoV7EehTLCnxHxIuClljGmLyvg6etWfQ3OacQq81BF64oGo68?input=https://www.ultrasawt.com,http://api.ooni.io/api/v1/measurement/temp-id-169033200
NEWS,https://www.ultrasawt.com,8452,2018-03-13 10:24:13,f,http-diff,520,www.ultrasawt.com | 520: Web server is returning an unknown error,https://explorer.ooni.torproject.org/measurement/20180313T094554Z_AS8452_UGQizd3vXNzR42s7KxSzUdvVKTyrOlxmcGq3eAVA5zplgcck3A?input=https://www.ultrasawt.com,http://api.ooni.io/api/v1/measurement/temp-id-169371353
NEWS,https://www.ultrasawt.com,8452,2018-03-14 11:26:34,f,http-diff,520,www.ultrasawt.com | 520: Web server is returning an unknown error,https://explorer.ooni.torproject.org/measurement/20180314T105030Z_AS8452_wTTKGUP0qGlaxynFTzZWajfDVEjV510yWAH7z2zmfS7LHfGA08?input=https://www.ultrasawt.com,http://api.ooni.io/api/v1/measurement/temp-id-169591086
NEWS,https://www.ultrasawt.com,8452,2018-03-16 11:18:15,f,http-diff,520,www.ultrasawt.com | 520: Web server is returning an unknown error,https://explorer.ooni.torproject.org/measurement/20180316T102940Z_AS8452_oulzmSWjXk3r3ZrCrIUip1KSDDsWhTMIgudzViDtKo0Cd6jVVF?input=https://www.ultrasawt.com,http://api.ooni.io/api/v1/measurement/temp-id-170177199
NEWS,https://www.ultrasawt.com,8452,2018-03-18 11:53:35,f,http-diff,520,www.ultrasawt.com | 520: Web server is returning an unknown error,https://explorer.ooni.torproject.org/measurement/20180318T111242Z_AS8452_xrcVW9JzXHbNgKF3chYDujDKT6l694ugLw6r3abFJwFWca1aQl?input=https://www.ultrasawt.com,http://api.ooni.io/api/v1/measurement/temp-id-171124789
NEWS,https://www.ultrasawt.com,8452,2018-03-18 13:55:07,f,http-diff,520,www.ultrasawt.com | 520: Web server is returning an unknown error,https://explorer.ooni.torproject.org/measurement/20180318T125210Z_AS8452_BkSoBfPCL6bFQwGY0VmFmo3GOEPLdicH3t1snoGa4piyOFyPjO?input=https://www.ultrasawt.com,http://api.ooni.io/api/v1/measurement/temp-id-171046829
NEWS,https://www.ultrasawt.com,8452,2018-03-19 10:56:04,f,http-diff,520,www.ultrasawt.com | 520: Web server is returning an unknown error,https://explorer.ooni.torproject.org/measurement/20180319T101305Z_AS8452_pKcas3INxmVgikqOp1EqXGzZp2KxvPCeM8XDUrwXycGYKE3RcF?input=https://www.ultrasawt.com,http://api.ooni.io/api/v1/measurement/temp-id-171388888
NEWS,https://www.ultrasawt.com,8452,2018-03-20 11:19:58,f,http-diff,520,www.ultrasawt.com | 520: Web server is returning an unknown error,https://explorer.ooni.torproject.org/measurement/20180320T103603Z_AS8452_3hnDywo5llH7pomY4dGUxZfPEQlwthh4O06bZC586d2gf6gv5V?input=https://www.ultrasawt.com,http://api.ooni.io/api/v1/measurement/temp-id-171629170
NEWS,https://www.ultrasawt.com,8452,2018-03-20 13:32:25,f,http-diff,520,www.ultrasawt.com | 520: Web server is returning an unknown error,https://explorer.ooni.torproject.org/measurement/20180320T124146Z_AS8452_IfNfr0INVGZkHaH4oc91q9l7PwjZe4AUmUfGhTeL4BzRc9HOkM?input=https://www.ultrasawt.com,http://api.ooni.io/api/v1/measurement/temp-id-171630324
NEWS,https://www.ultrasawt.com,8452,2018-03-21 10:54:16,f,http-diff,520,www.ultrasawt.com | 520: Web server is returning an unknown error,https://explorer.ooni.torproject.org/measurement/20180321T095321Z_AS8452_ZXh6MNnz5rPtqoJRqnXAE0cDSQmN2eusf3uUzL7DpFQlrzo1Cu?input=https://www.ultrasawt.com,http://api.ooni.io/api/v1/measurement/temp-id-171945485
NEWS,https://www.ultrasawt.com,8452,2018-03-21 12:14:48,f,http-diff,520,www.ultrasawt.com | 520: Web server is returning an unknown error,https://explorer.ooni.torproject.org/measurement/20180321T112239Z_AS8452_SmhR6LNr6t3YCr1ikhbzfHAFW175AEmNChjwXvrHlTWtKW9hnH?input=https://www.ultrasawt.com,http://api.ooni.io/api/v1/measurement/temp-id-171954449
NEWS,https://www.ultrasawt.com,8452,2018-03-25 12:11:20,f,http-diff,520,www.ultrasawt.com | 520: Web server is returning an unknown error,https://explorer.ooni.torproject.org/measurement/20180325T104821Z_AS8452_59WMHDAvkiW5r5kT1quUTI6WYimxJCaeK2p2JgwUKQIrevYD53?input=https://www.ultrasawt.com,http://api.ooni.io/api/v1/measurement/temp-id-173054747
NEWS,https://www.ultrasawt.com,8452,2018-03-26 10:44:19,f,http-diff,520,www.ultrasawt.com | 520: Web server is returning an unknown error,https://explorer.ooni.torproject.org/measurement/20180326T100410Z_AS8452_gn91NHg6tJwnsfwGML6PDsOErBReeB02oh9isOrkRIRgKs30R7?input=https://www.ultrasawt.com,http://api.ooni.io/api/v1/measurement/temp-id-173299960
NEWS,https://www.ultrasawt.com,8452,2018-03-27 10:19:20,f,http-diff,520,www.ultrasawt.com | 520: Web server is returning an unknown error,https://explorer.ooni.torproject.org/measurement/20180327T093757Z_AS8452_IMb8YVpfwr6zCQu9FHoya2csTvOKpmvEiUCaDddyVyllC4FOwv?input=https://www.ultrasawt.com,http://api.ooni.io/api/v1/measurement/temp-id-173584142
NEWS,https://www.ultrasawt.com,8452,2018-03-28 12:39:30,f,http-diff,520,www.ultrasawt.com | 520: Web server is returning an unknown error,https://explorer.ooni.torproject.org/measurement/20180328T120443Z_AS8452_U6Tp7PFrv4mZQFuRRj8Y9qs1pGL5wM42d9YhRBZz6mC3E5TnSc?input=https://www.ultrasawt.com,http://api.ooni.io/api/v1/measurement/temp-id-173922773
NEWS,https://www.ultrasawt.com,8452,2018-03-29 10:35:17,f,http-diff,520,www.ultrasawt.com | 520: Web server is returning an unknown error,https://explorer.ooni.torproject.org/measurement/20180329T095113Z_AS8452_916gNmOoBQDWJXcDqU68JgqeP9tc7b4GR5bz2zriTYSC7o0E9J?input=https://www.ultrasawt.com,http://api.ooni.io/api/v1/measurement/temp-id-174170512
NEWS,https://www.ultrasawt.com,8452,2018-03-30 13:37:43,f,http-diff,520,www.ultrasawt.com | 520: Web server is returning an unknown error,https://explorer.ooni.torproject.org/measurement/20180330T124900Z_AS8452_fIu8M50qvm5mSOiT7iju59i4uw1oVRS0MzJYw1zoDR3n9qgO26?input=https://www.ultrasawt.com,http://api.ooni.io/api/v1/measurement/temp-id-174485129
NEWS,https://www.ultrasawt.com,8452,2018-04-01 10:32:37,f,http-diff,520,www.ultrasawt.com | 520: Web server is returning an unknown error,https://explorer.ooni.torproject.org/measurement/20180401T095104Z_AS8452_kgiHhYoM4ExuLHf7a0V2iMxAIeZ2x5GR5hV9UcchCoyEYmf9Sn?input=https://www.ultrasawt.com,http://api.ooni.io/api/v1/measurement/temp-id-175046314
NEWS,https://www.ultrasawt.com,8452,2018-04-02 10:31:45,f,http-diff,520,www.ultrasawt.com | 520: Web server is returning an unknown error,https://explorer.ooni.torproject.org/measurement/20180402T093425Z_AS8452_kR29xjHQOLHKTcKkqFyvc4lTQuHQfK9Lcz8u9uRcKsMp6rChEE?input=https://www.ultrasawt.com,http://api.ooni.io/api/v1/measurement/temp-id-175313793
NEWS,https://www.ultrasawt.com,8452,2018-04-02 12:14:31,f,http-diff,520,www.ultrasawt.com | 520: Web server is returning an unknown error,https://explorer.ooni.torproject.org/measurement/20180402T112859Z_AS8452_preQPAamz5BzXOozLwgWl7nDMSIjyRucltmsgccLu2GcZdA1Ap?input=https://www.ultrasawt.com,http://api.ooni.io/api/v1/measurement/temp-id-175309997
NEWS,https://www.ultrasawt.com,8452,2018-04-03 10:20:14,f,http-diff,520,www.ultrasawt.com | 520: Web server is returning an unknown error,https://explorer.ooni.torproject.org/measurement/20180403T093620Z_AS8452_vouyvBCG89cO8ZnpzJ2UeXgDxlbuHXgSFlJUrqZiFVdi7XRzK2?input=https://www.ultrasawt.com,http://api.ooni.io/api/v1/measurement/temp-id-175598787
NEWS,https://www.ultrasawt.com,8452,2018-04-04 10:21:08,f,http-diff,520,www.ultrasawt.com | 520: Web server is returning an unknown error,https://explorer.ooni.torproject.org/measurement/20180404T093621Z_AS8452_HNFmpETuYyTN6dwkuYlvyzpeGczdv0KKWjLoXSgfUfw7S6a1EL?input=https://www.ultrasawt.com,http://api.ooni.io/api/v1/measurement/temp-id-175866771
NEWS,https://www.ultrasawt.com,8452,2018-04-04 12:39:12,f,http-diff,520,www.ultrasawt.com | 520: Web server is returning an unknown error,https://explorer.ooni.torproject.org/measurement/20180404T115149Z_AS8452_SW3kX6if31udQ9oP3UHdWpiY5OrhW6zpIkqwFd7oGOnnXvMogP?input=https://www.ultrasawt.com,http://api.ooni.io/api/v1/measurement/temp-id-175881410
NEWS,https://www.ultrasawt.com,8452,2018-04-05 10:45:14,f,http-diff,520,www.ultrasawt.com | 520: Web server is returning an unknown error,https://explorer.ooni.torproject.org/measurement/20180405T095923Z_AS8452_7EPB8ljEphXmfNSG6BrFGwx5Z0DTnsEu8JRGyW594YKzVQnV3X?input=https://www.ultrasawt.com,http://api.ooni.io/api/v1/measurement/temp-id-176153356
NEWS,https://www.ultrasawt.com,8452,2018-04-10 11:59:11,f,http-diff,520,www.ultrasawt.com | 520: Web server is returning an unknown error,https://explorer.ooni.torproject.org/measurement/20180410T111540Z_AS8452_YcuC5OrAFXFBDtGoZsgW3w9DPAUAZ9fhelPDOibQzZEOscd3Gs?input=https://www.ultrasawt.com,http://api.ooni.io/api/v1/measurement/temp-id-177483395