Measurement Start Time,Websites ,Accessible,Blocking,Control Failure,Dns Experiment Failure,Http Experiment Failure,Dns Consistency,Status Code Match,Headers Match,Title Match,Body Proportion,Body Length Match,Explorer
2018-03-29 11:55:37,https://abbaymedia.info,t,false,,,,consistent,t,t,t,1,t,https://explorer.ooni.torproject.org/measurement/20180329T114744Z_AS24757_TtFYQu7NPoZboI7e7TnGCImseLnCUtBD8C1h3TwNFTGzuBC1QO?input=https://abbaymedia.info
2018-03-29 11:57:10,http://abbaymedia.info,f,http-failure,,,connection_reset,consistent,,,,0,,https://explorer.ooni.torproject.org/measurement/20180329T114744Z_AS24757_TtFYQu7NPoZboI7e7TnGCImseLnCUtBD8C1h3TwNFTGzuBC1QO?input=http://abbaymedia.info
2018-03-30 10:51:15,http://abbaymedia.info,f,http-failure,,,connection_reset,consistent,,,,0,,https://explorer.ooni.torproject.org/measurement/20180330T104336Z_AS24757_qogiCFP0kTE8l96BxqTZLV3956aEU1dAFx2nzbA0OY5uuVjriL?input=http://abbaymedia.info
2018-03-30 10:52:01,https://abbaymedia.info,t,false,,,,consistent,t,t,t,1,t,https://explorer.ooni.torproject.org/measurement/20180330T104336Z_AS24757_qogiCFP0kTE8l96BxqTZLV3956aEU1dAFx2nzbA0OY5uuVjriL?input=https://abbaymedia.info
2018-04-03 06:33:19,http://abbaymedia.info,f,http-failure,,,connection_reset,consistent,,,,0,,https://explorer.ooni.torproject.org/measurement/20180403T062403Z_AS24757_3ikvaly7HlrpDHzJZ2LxXDaghCxMD81WYVNz2ThxmCENXYcvVP?input=http://abbaymedia.info
2018-04-03 06:36:25,https://abbaymedia.info,t,false,,,,consistent,t,t,t,1,t,https://explorer.ooni.torproject.org/measurement/20180403T062403Z_AS24757_3ikvaly7HlrpDHzJZ2LxXDaghCxMD81WYVNz2ThxmCENXYcvVP?input=https://abbaymedia.info
2018-04-12 18:09:39,https://abbaymedia.info,t,false,,,,consistent,t,t,t,1,t,https://explorer.ooni.torproject.org/measurement/20180412T180619Z_AS24757_N9jB51eOdozBtMYT6aPAaY4y0DMod7nAGSUCJ5a3rgYS4UF0wL?input=https://abbaymedia.info
2018-04-12 18:14:09,http://abbaymedia.info,f,http-failure,,,connection_reset,consistent,,,,0,,https://explorer.ooni.torproject.org/measurement/20180412T180619Z_AS24757_N9jB51eOdozBtMYT6aPAaY4y0DMod7nAGSUCJ5a3rgYS4UF0wL?input=http://abbaymedia.info
2018-06-07 19:25:16,https://abbaymedia.info,f,http-failure,,,generic_timeout_error,consistent,,,,0,,https://explorer.ooni.torproject.org/measurement/20180607T190737Z_AS24757_aVOA3TKk17VjUrffznLi8OwF5JOtkJw69mrXB3iKYSosFJq6wX?input=https://abbaymedia.info
2018-06-07 22:58:22,http://abbaymedia.info,t,false,,,,consistent,t,t,t,1,t,https://explorer.ooni.torproject.org/measurement/20180607T224120Z_AS24757_EosXWkpmIOOjuCsiO2zwrksubPmahjUQtuEQNKZS4wRuzboNfy?input=http://abbaymedia.info
2018-06-24 09:59:36,https://abbaymedia.info,t,false,,,,consistent,t,t,t,0.942473,t,https://explorer.ooni.torproject.org/measurement/20180624T095414Z_AS24757_8n0E1nbCnJmkeI97jQbxbXyz3Q9h93jf4IP6f5nXSFxnsuyyx4?input=https://abbaymedia.info
2018-03-29 11:54:09,http://www.cyberethiopia.com/warka14/,f,http-failure,,,connection_reset,consistent,,,,0,,https://explorer.ooni.torproject.org/measurement/20180329T114744Z_AS24757_TtFYQu7NPoZboI7e7TnGCImseLnCUtBD8C1h3TwNFTGzuBC1QO?input=http://www.cyberethiopia.com/warka14/
2018-03-29 12:00:16,http://cyberethiopia.com,f,http-failure,,,connection_reset,consistent,,,,0,,https://explorer.ooni.torproject.org/measurement/20180329T114744Z_AS24757_TtFYQu7NPoZboI7e7TnGCImseLnCUtBD8C1h3TwNFTGzuBC1QO?input=http://cyberethiopia.com
2018-03-30 10:49:17,http://cyberethiopia.com,f,http-failure,,,connection_reset,consistent,,,,0,,https://explorer.ooni.torproject.org/measurement/20180330T104336Z_AS24757_qogiCFP0kTE8l96BxqTZLV3956aEU1dAFx2nzbA0OY5uuVjriL?input=http://cyberethiopia.com
2018-03-30 10:56:09,http://www.cyberethiopia.com/warka14/,f,http-failure,,,connection_reset,consistent,,,,0,,https://explorer.ooni.torproject.org/measurement/20180330T104336Z_AS24757_qogiCFP0kTE8l96BxqTZLV3956aEU1dAFx2nzbA0OY5uuVjriL?input=http://www.cyberethiopia.com/warka14/
2018-03-30 11:06:00,http://cyberethiopia.com,f,http-failure,,,connection_reset,consistent,,,,0,,https://explorer.ooni.torproject.org/measurement/20180330T110600Z_AS24757_mIewxq461iGr1VIo3Pg73GNeBhyWY0UB3WayMCgUxofeK4Bvml?input=http://cyberethiopia.com
2018-04-03 06:33:34,http://cyberethiopia.com,f,http-failure,,,connection_reset,consistent,,,,0,,https://explorer.ooni.torproject.org/measurement/20180403T062403Z_AS24757_3ikvaly7HlrpDHzJZ2LxXDaghCxMD81WYVNz2ThxmCENXYcvVP?input=http://cyberethiopia.com
2018-04-03 06:33:39,http://www.cyberethiopia.com/warka14/,f,http-failure,,,connection_reset,consistent,,,,0,,https://explorer.ooni.torproject.org/measurement/20180403T062403Z_AS24757_3ikvaly7HlrpDHzJZ2LxXDaghCxMD81WYVNz2ThxmCENXYcvVP?input=http://www.cyberethiopia.com/warka14/
2018-04-06 10:11:16,http://www.cyberethiopia.com/warka14/,f,http-failure,,,connection_reset,consistent,,,,0,,https://explorer.ooni.torproject.org/measurement/20180406T100958Z_AS24757_F4NMoj265b2vKUsJghsHDXzRl9VTLhE4LU41rbGZf8o910jGEv?input=http://www.cyberethiopia.com/warka14/
2018-04-12 18:09:28,http://cyberethiopia.com,f,http-failure,,,connection_reset,consistent,,,,0,,https://explorer.ooni.torproject.org/measurement/20180412T180619Z_AS24757_N9jB51eOdozBtMYT6aPAaY4y0DMod7nAGSUCJ5a3rgYS4UF0wL?input=http://cyberethiopia.com
2018-04-12 18:15:48,http://www.cyberethiopia.com/warka14/,f,http-failure,,,connection_reset,consistent,,,,0,,https://explorer.ooni.torproject.org/measurement/20180412T180619Z_AS24757_N9jB51eOdozBtMYT6aPAaY4y0DMod7nAGSUCJ5a3rgYS4UF0wL?input=http://www.cyberethiopia.com/warka14/
2018-06-07 19:22:46,http://www.cyberethiopia.com/warka14/,t,false,,,,consistent,t,t,t,0.994762,t,https://explorer.ooni.torproject.org/measurement/20180607T190737Z_AS24757_aVOA3TKk17VjUrffznLi8OwF5JOtkJw69mrXB3iKYSosFJq6wX?input=http://www.cyberethiopia.com/warka14/
2018-06-07 19:27:48,http://cyberethiopia.com,t,false,,,,consistent,t,t,t,1,t,https://explorer.ooni.torproject.org/measurement/20180607T190737Z_AS24757_aVOA3TKk17VjUrffznLi8OwF5JOtkJw69mrXB3iKYSosFJq6wX?input=http://cyberethiopia.com
2018-06-07 22:58:39,http://www.cyberethiopia.com/warka14/,t,false,,,,consistent,t,t,t,1,t,https://explorer.ooni.torproject.org/measurement/20180607T224120Z_AS24757_EosXWkpmIOOjuCsiO2zwrksubPmahjUQtuEQNKZS4wRuzboNfy?input=http://www.cyberethiopia.com/warka14/
2018-06-07 23:02:17,http://cyberethiopia.com,t,false,,,,consistent,t,t,t,1,t,https://explorer.ooni.torproject.org/measurement/20180607T224120Z_AS24757_EosXWkpmIOOjuCsiO2zwrksubPmahjUQtuEQNKZS4wRuzboNfy?input=http://cyberethiopia.com
2018-06-08 09:30:42,http://www.cyberethiopia.com/warka14/,f,http-failure,,,connection_reset,consistent,,,,0,,https://explorer.ooni.torproject.org/measurement/20180608T092705Z_AS24757_TMbcavymx0GTnaOtdbiXlyuPK2O3sN4sZ0smmQiMm3ECZcKn9B?input=http://www.cyberethiopia.com/warka14/
2018-06-24 09:54:31,http://www.cyberethiopia.com/warka14/,t,false,,,,consistent,t,t,t,1,t,https://explorer.ooni.torproject.org/measurement/20180624T095414Z_AS24757_8n0E1nbCnJmkeI97jQbxbXyz3Q9h93jf4IP6f5nXSFxnsuyyx4?input=http://www.cyberethiopia.com/warka14/
2018-06-24 10:00:07,http://cyberethiopia.com,t,false,,,,consistent,t,t,t,1,t,https://explorer.ooni.torproject.org/measurement/20180624T095414Z_AS24757_8n0E1nbCnJmkeI97jQbxbXyz3Q9h93jf4IP6f5nXSFxnsuyyx4?input=http://cyberethiopia.com
2018-03-29 03:30:30,http://www.debteraw.com,f,http-failure,,,connection_reset,consistent,,,,0,,https://explorer.ooni.torproject.org/measurement/20180329T032433Z_AS24757_e14yxQXLSnTr6Uve5T2czUQFVF3ULVFbpKrhF6AZVrNfidkStP?input=http://www.debteraw.com
2018-03-29 11:55:32,http://www.debteraw.com,f,http-failure,,,connection_reset,consistent,,,,0,,https://explorer.ooni.torproject.org/measurement/20180329T114744Z_AS24757_TtFYQu7NPoZboI7e7TnGCImseLnCUtBD8C1h3TwNFTGzuBC1QO?input=http://www.debteraw.com
2018-03-30 10:49:00,http://www.debteraw.com,f,http-failure,,,connection_reset,consistent,,,,0,,https://explorer.ooni.torproject.org/measurement/20180330T104336Z_AS24757_qogiCFP0kTE8l96BxqTZLV3956aEU1dAFx2nzbA0OY5uuVjriL?input=http://www.debteraw.com
2018-04-03 06:35:12,http://www.debteraw.com,f,http-failure,,,connection_reset,consistent,,,,0,,https://explorer.ooni.torproject.org/measurement/20180403T062403Z_AS24757_3ikvaly7HlrpDHzJZ2LxXDaghCxMD81WYVNz2ThxmCENXYcvVP?input=http://www.debteraw.com
2018-04-12 18:09:28,http://www.debteraw.com,f,http-failure,,,connection_reset,consistent,,,,0,,https://explorer.ooni.torproject.org/measurement/20180412T180619Z_AS24757_N9jB51eOdozBtMYT6aPAaY4y0DMod7nAGSUCJ5a3rgYS4UF0wL?input=http://www.debteraw.com
2018-05-04 06:41:38,http://www.debteraw.com,f,http-failure,,,connection_reset,consistent,,,,0,,https://explorer.ooni.torproject.org/measurement/20180504T064138Z_AS24757_bG2hOF4yLGhsaAMoZZ0CD6jgblmya3xKntwUTfwDH06xkhjr81?input=http://www.debteraw.com
2018-06-07 19:16:18,http://www.debteraw.com,t,false,,,,consistent,t,t,t,1,t,https://explorer.ooni.torproject.org/measurement/20180607T190737Z_AS24757_aVOA3TKk17VjUrffznLi8OwF5JOtkJw69mrXB3iKYSosFJq6wX?input=http://www.debteraw.com
2018-06-07 22:53:56,http://www.debteraw.com,t,false,,,,consistent,t,t,t,1,t,https://explorer.ooni.torproject.org/measurement/20180607T224120Z_AS24757_EosXWkpmIOOjuCsiO2zwrksubPmahjUQtuEQNKZS4wRuzboNfy?input=http://www.debteraw.com
2018-06-08 09:30:47,http://www.debteraw.com,f,http-failure,,,connection_reset,consistent,,,,0,,https://explorer.ooni.torproject.org/measurement/20180608T092705Z_AS24757_TMbcavymx0GTnaOtdbiXlyuPK2O3sN4sZ0smmQiMm3ECZcKn9B?input=http://www.debteraw.com
2018-06-22 19:31:07,http://www.debteraw.com,f,http-failure,,,generic_timeout_error,consistent,,,,0,,https://explorer.ooni.torproject.org/measurement/20180622T192757Z_AS24757_rkb3FEigjlMTmrAO6vvUAZr1ZhZ6PfW30zDjq9NRe3Mfo1MdmM?input=http://www.debteraw.com
2018-06-23 15:13:10,http://www.debteraw.com,f,http-failure,,,connection_reset,consistent,,,,0,,https://explorer.ooni.torproject.org/measurement/20180623T151119Z_AS24757_pnkzXHeUDMlWefsKvJ2xIOr3aXCXIQ0uwzypXghMFPbgLMC8wQ?input=http://www.debteraw.com
2018-02-24 06:56:46,http://www.ethiomedia.com/index.html,f,http-failure,,,connection_reset,consistent,,,,0,,https://explorer.ooni.torproject.org/measurement/20180224T065645Z_AS24757_kHgSNnt3ZBjGe8Af2JZZ5jEMQ7ro2MtqyrA5CWK8ON5Z2IVXdS?input=http://www.ethiomedia.com/index.html
2018-02-24 07:01:06,http://ethiomedia.com,f,http-failure,,,connection_reset,consistent,,,,0,,https://explorer.ooni.torproject.org/measurement/20180224T065645Z_AS24757_kHgSNnt3ZBjGe8Af2JZZ5jEMQ7ro2MtqyrA5CWK8ON5Z2IVXdS?input=http://ethiomedia.com
2018-06-23 15:13:26,http://ethiomedia.com,t,false,,,,consistent,t,t,t,1,t,https://explorer.ooni.torproject.org/measurement/20180623T151119Z_AS24757_pnkzXHeUDMlWefsKvJ2xIOr3aXCXIQ0uwzypXghMFPbgLMC8wQ?input=http://ethiomedia.com
2018-06-23 15:32:06,http://www.ethiomedia.com/index.html,t,false,,,,consistent,t,t,t,1,t,https://explorer.ooni.torproject.org/measurement/20180623T151119Z_AS24757_pnkzXHeUDMlWefsKvJ2xIOr3aXCXIQ0uwzypXghMFPbgLMC8wQ?input=http://www.ethiomedia.com/index.html
2018-03-29 03:35:10,https://www.ethioobserver.net/,,,generic_timeout_error,,dns_lookup_error,,,,,0,,https://explorer.ooni.torproject.org/measurement/20180329T032433Z_AS24757_e14yxQXLSnTr6Uve5T2czUQFVF3ULVFbpKrhF6AZVrNfidkStP?input=https://www.ethioobserver.net/
2018-03-29 11:59:26,http://www.ethioobserver.net/,t,false,,,,consistent,t,f,t,1,t,https://explorer.ooni.torproject.org/measurement/20180329T114744Z_AS24757_TtFYQu7NPoZboI7e7TnGCImseLnCUtBD8C1h3TwNFTGzuBC1QO?input=http://www.ethioobserver.net/
2018-03-29 12:00:15,https://www.ethioobserver.net/,,,generic_timeout_error,,generic_timeout_error,,,,,0,,https://explorer.ooni.torproject.org/measurement/20180329T114744Z_AS24757_TtFYQu7NPoZboI7e7TnGCImseLnCUtBD8C1h3TwNFTGzuBC1QO?input=https://www.ethioobserver.net/
2018-03-30 10:50:45,http://www.ethioobserver.net/,t,false,,,,consistent,t,f,t,1,t,https://explorer.ooni.torproject.org/measurement/20180330T104336Z_AS24757_qogiCFP0kTE8l96BxqTZLV3956aEU1dAFx2nzbA0OY5uuVjriL?input=http://www.ethioobserver.net/
2018-03-30 11:01:39,https://www.ethioobserver.net/,,,generic_timeout_error,,generic_timeout_error,,,,,0,,https://explorer.ooni.torproject.org/measurement/20180330T104336Z_AS24757_qogiCFP0kTE8l96BxqTZLV3956aEU1dAFx2nzbA0OY5uuVjriL?input=https://www.ethioobserver.net/
2018-04-03 06:31:04,http://www.ethioobserver.net/,f,tcp_ip,,,generic_timeout_error,consistent,,,,0,,https://explorer.ooni.torproject.org/measurement/20180403T062403Z_AS24757_3ikvaly7HlrpDHzJZ2LxXDaghCxMD81WYVNz2ThxmCENXYcvVP?input=http://www.ethioobserver.net/
2018-04-03 06:36:35,https://www.ethioobserver.net/,,,generic_timeout_error,,generic_timeout_error,,,,,0,,https://explorer.ooni.torproject.org/measurement/20180403T062403Z_AS24757_3ikvaly7HlrpDHzJZ2LxXDaghCxMD81WYVNz2ThxmCENXYcvVP?input=https://www.ethioobserver.net/
2018-04-06 10:10:14,http://www.ethioobserver.net/,f,tcp_ip,,,connect_error,consistent,,,,0,,https://explorer.ooni.torproject.org/measurement/20180406T100958Z_AS24757_F4NMoj265b2vKUsJghsHDXzRl9VTLhE4LU41rbGZf8o910jGEv?input=http://www.ethioobserver.net/
2018-04-12 18:11:24,https://www.ethioobserver.net/,,,generic_timeout_error,,generic_timeout_error,,,,,0,,https://explorer.ooni.torproject.org/measurement/20180412T180619Z_AS24757_N9jB51eOdozBtMYT6aPAaY4y0DMod7nAGSUCJ5a3rgYS4UF0wL?input=https://www.ethioobserver.net/
2018-04-12 18:14:19,http://www.ethioobserver.net/,f,tcp_ip,,,generic_timeout_error,consistent,,,,0,,https://explorer.ooni.torproject.org/measurement/20180412T180619Z_AS24757_N9jB51eOdozBtMYT6aPAaY4y0DMod7nAGSUCJ5a3rgYS4UF0wL?input=http://www.ethioobserver.net/
2018-06-07 19:08:03,https://www.ethioobserver.net/,,,generic_timeout_error,,connect_error,,,,,0,,https://explorer.ooni.torproject.org/measurement/20180607T190737Z_AS24757_aVOA3TKk17VjUrffznLi8OwF5JOtkJw69mrXB3iKYSosFJq6wX?input=https://www.ethioobserver.net/
2018-06-07 19:08:04,http://www.ethioobserver.net/,f,http-failure,,,generic_timeout_error,consistent,,,,0,,https://explorer.ooni.torproject.org/measurement/20180607T190737Z_AS24757_aVOA3TKk17VjUrffznLi8OwF5JOtkJw69mrXB3iKYSosFJq6wX?input=http://www.ethioobserver.net/
2018-06-07 23:01:17,http://www.ethioobserver.net/,f,tcp_ip,,,generic_timeout_error,consistent,,,,0,,https://explorer.ooni.torproject.org/measurement/20180607T224120Z_AS24757_EosXWkpmIOOjuCsiO2zwrksubPmahjUQtuEQNKZS4wRuzboNfy?input=http://www.ethioobserver.net/
2018-06-22 19:37:39,https://www.ethioobserver.net/,,,generic_timeout_error,,connect_error,,,,,0,,https://explorer.ooni.torproject.org/measurement/20180622T192757Z_AS24757_rkb3FEigjlMTmrAO6vvUAZr1ZhZ6PfW30zDjq9NRe3Mfo1MdmM?input=https://www.ethioobserver.net/
2018-06-24 09:54:19,http://www.ethioobserver.net/,t,false,,,,consistent,t,f,t,1,t,https://explorer.ooni.torproject.org/measurement/20180624T095414Z_AS24757_8n0E1nbCnJmkeI97jQbxbXyz3Q9h93jf4IP6f5nXSFxnsuyyx4?input=http://www.ethioobserver.net/
2018-02-24 06:57:49,http://www.ethiopianreporter.com,f,http-diff,,,,consistent,t,f,f,0.0426889,f,https://explorer.ooni.torproject.org/measurement/20180224T065645Z_AS24757_kHgSNnt3ZBjGe8Af2JZZ5jEMQ7ro2MtqyrA5CWK8ON5Z2IVXdS?input=http://www.ethiopianreporter.com
2018-06-23 15:32:00,http://www.ethiopianreporter.com,t,false,,,,consistent,t,t,f,0.999937,t,https://explorer.ooni.torproject.org/measurement/20180623T151119Z_AS24757_pnkzXHeUDMlWefsKvJ2xIOr3aXCXIQ0uwzypXghMFPbgLMC8wQ?input=http://www.ethiopianreporter.com
2018-02-24 06:57:43,http://ethsat.com,f,http-failure,,,connection_reset,consistent,,,,0,,https://explorer.ooni.torproject.org/measurement/20180224T065645Z_AS24757_kHgSNnt3ZBjGe8Af2JZZ5jEMQ7ro2MtqyrA5CWK8ON5Z2IVXdS?input=http://ethsat.com
2018-02-24 10:17:20,http://ethsat.com,f,http-failure,,,connection_reset,consistent,,,,0,,https://explorer.ooni.torproject.org/measurement/20180224T101619Z_AS24757_W2wFLwKUuqLJAygXnhL9uc5gruglqXggP2sYpH9d5Dz4akcpu0?input=http://ethsat.com
2018-06-23 15:11:35,http://ethsat.com,t,false,,,,consistent,t,t,t,1,t,https://explorer.ooni.torproject.org/measurement/20180623T151119Z_AS24757_pnkzXHeUDMlWefsKvJ2xIOr3aXCXIQ0uwzypXghMFPbgLMC8wQ?input=http://ethsat.com
2018-02-24 06:57:33,http://www.goolgule.com,f,http-failure,,,connection_reset,consistent,,,,0,,https://explorer.ooni.torproject.org/measurement/20180224T065645Z_AS24757_kHgSNnt3ZBjGe8Af2JZZ5jEMQ7ro2MtqyrA5CWK8ON5Z2IVXdS?input=http://www.goolgule.com
2018-06-23 15:13:16,http://www.goolgule.com,t,false,,,,consistent,t,f,t,1,t,https://explorer.ooni.torproject.org/measurement/20180623T151119Z_AS24757_pnkzXHeUDMlWefsKvJ2xIOr3aXCXIQ0uwzypXghMFPbgLMC8wQ?input=http://www.goolgule.com
2018-03-29 11:57:04,http://www.ifge.org/,f,http-failure,,,connection_reset,consistent,,,,0,,https://explorer.ooni.torproject.org/measurement/20180329T114744Z_AS24757_TtFYQu7NPoZboI7e7TnGCImseLnCUtBD8C1h3TwNFTGzuBC1QO?input=http://www.ifge.org/
2018-03-30 10:49:59,http://www.ifge.org/,f,http-failure,,,connection_reset,consistent,,,,0,,https://explorer.ooni.torproject.org/measurement/20180330T104336Z_AS24757_qogiCFP0kTE8l96BxqTZLV3956aEU1dAFx2nzbA0OY5uuVjriL?input=http://www.ifge.org/
2018-03-30 11:06:39,http://www.ifge.org/,f,http-failure,,,connection_reset,consistent,,,,0,,https://explorer.ooni.torproject.org/measurement/20180330T110600Z_AS24757_mIewxq461iGr1VIo3Pg73GNeBhyWY0UB3WayMCgUxofeK4Bvml?input=http://www.ifge.org/
2018-04-03 06:37:59,http://www.ifge.org/,t,false,,,,consistent,t,f,t,1,t,https://explorer.ooni.torproject.org/measurement/20180403T062403Z_AS24757_3ikvaly7HlrpDHzJZ2LxXDaghCxMD81WYVNz2ThxmCENXYcvVP?input=http://www.ifge.org/
2018-04-12 18:18:41,http://www.ifge.org/,f,http-failure,,,connection_reset,consistent,,,,0,,https://explorer.ooni.torproject.org/measurement/20180412T180619Z_AS24757_N9jB51eOdozBtMYT6aPAaY4y0DMod7nAGSUCJ5a3rgYS4UF0wL?input=http://www.ifge.org/
2018-06-07 19:21:54,http://www.ifge.org/,t,false,,,,consistent,t,f,t,1,t,https://explorer.ooni.torproject.org/measurement/20180607T190737Z_AS24757_aVOA3TKk17VjUrffznLi8OwF5JOtkJw69mrXB3iKYSosFJq6wX?input=http://www.ifge.org/
2018-06-07 23:02:01,http://www.ifge.org/,t,false,,,,consistent,t,f,t,1,t,https://explorer.ooni.torproject.org/measurement/20180607T224120Z_AS24757_EosXWkpmIOOjuCsiO2zwrksubPmahjUQtuEQNKZS4wRuzboNfy?input=http://www.ifge.org/
2018-01-04 07:42:04,https://www.instagram.com/,f,http-failure,,,connection_reset,consistent,,,,0,,https://explorer.ooni.torproject.org/measurement/20180104T072959Z_AS24757_zZJbi3J0ZU6fqiq2tFMxfhoIpCaXjPpIODASxTkKw5mZMWQywx?input=https://www.instagram.com/
2018-02-24 18:47:51,https://www.instagram.com/,t,false,,,,inconsistent,t,t,t,0.990637,t,https://explorer.ooni.torproject.org/measurement/20180226T130436Z_AS24757_I92qPHDdzidUh6huAbI3iGcLTPae4N7dS9L16h9SFi7AeZczAi?input=https://www.instagram.com/
2018-04-07 05:28:00,https://www.instagram.com/,t,false,,,,consistent,t,f,t,0.998424,t,https://explorer.ooni.torproject.org/measurement/20180407T052800Z_AS24757_re82rs0kmZ9ptC0bvte47EyLTXcz3pwuUPDwduCyoOQ7jd9UTI?input=https://www.instagram.com/
2018-04-12 18:07:31,https://www.instagram.com/,t,false,,,,consistent,t,f,t,0.993152,t,https://explorer.ooni.torproject.org/measurement/20180412T180619Z_AS24757_N9jB51eOdozBtMYT6aPAaY4y0DMod7nAGSUCJ5a3rgYS4UF0wL?input=https://www.instagram.com/
2018-06-07 19:19:12,https://www.instagram.com/,t,false,,,,consistent,t,f,t,0.993456,t,https://explorer.ooni.torproject.org/measurement/20180607T190737Z_AS24757_aVOA3TKk17VjUrffznLi8OwF5JOtkJw69mrXB3iKYSosFJq6wX?input=https://www.instagram.com/
2018-06-22 21:44:01,https://www.instagram.com/,t,false,,,,consistent,t,f,t,0.996065,t,https://explorer.ooni.torproject.org/measurement/20180622T192757Z_AS24757_rkb3FEigjlMTmrAO6vvUAZr1ZhZ6PfW30zDjq9NRe3Mfo1MdmM?input=https://www.instagram.com/
2018-06-25 03:47:22,http://instagram.com,t,false,,,,consistent,t,f,t,0.993262,t,https://explorer.ooni.torproject.org/measurement/20180625T034722Z_AS24757_XKdZRcT9FE2VaYZFEINvWwBJOlzgmLLxGRaClVMzFB8yiYALVv?input=http://instagram.com
2018-06-25 03:47:22,https://instagram.com,t,false,,,,consistent,t,f,t,0.99697,t,https://explorer.ooni.torproject.org/measurement/20180625T034722Z_AS24757_XKdZRcT9FE2VaYZFEINvWwBJOlzgmLLxGRaClVMzFB8yiYALVv?input=https://instagram.com
2018-06-25 06:00:03,https://www.instagram.com/,t,false,,,,inconsistent,t,f,t,0.993451,t,https://explorer.ooni.torproject.org/measurement/20180625T122826Z_AS24757_csAuWFuX9SkLE1hcCKlFNhQbcfRNWK5ttP0I1IIxAGr9SbbBs8?input=https://www.instagram.com/
2018-06-25 06:03:11,http://instagram.com,f,http-failure,,,connection_reset,consistent,,,,0,,https://explorer.ooni.torproject.org/measurement/20180625T060311Z_AS24757_eSjxSSELTTMYZhwJKLYYmV8HUJ8IEIiQnboLxGms7K4oOcGPVm?input=http://instagram.com
2018-06-25 06:03:11,https://instagram.com,f,http-failure,,,connection_reset,consistent,,,,0,,https://explorer.ooni.torproject.org/measurement/20180625T060311Z_AS24757_eSjxSSELTTMYZhwJKLYYmV8HUJ8IEIiQnboLxGms7K4oOcGPVm?input=https://instagram.com
2018-06-25 11:34:40,https://www.instagram.com/,t,false,,,,inconsistent,t,f,t,0.996094,t,https://explorer.ooni.torproject.org/measurement/20180625T111810Z_AS24757_vDvB7mXDsZf3Eh8xMWbzyP7SzP1mgUnRhLSQ4vfl2a9T7jsetE?input=https://www.instagram.com/
2018-03-29 03:38:25,http://mereja.com,f,dns,,,dns_lookup_error,inconsistent,,,,0,,https://explorer.ooni.torproject.org/measurement/20180329T032433Z_AS24757_e14yxQXLSnTr6Uve5T2czUQFVF3ULVFbpKrhF6AZVrNfidkStP?input=http://mereja.com
2018-03-29 11:54:50,http://mereja.com,f,http-failure,,,connection_reset,consistent,,,,0,,https://explorer.ooni.torproject.org/measurement/20180329T114744Z_AS24757_TtFYQu7NPoZboI7e7TnGCImseLnCUtBD8C1h3TwNFTGzuBC1QO?input=http://mereja.com
2018-03-29 11:59:26,https://mereja.com,f,http-failure,,,generic_timeout_error,consistent,,,,0,,https://explorer.ooni.torproject.org/measurement/20180329T114744Z_AS24757_TtFYQu7NPoZboI7e7TnGCImseLnCUtBD8C1h3TwNFTGzuBC1QO?input=https://mereja.com
2018-03-30 10:57:34,https://mereja.com,f,http-failure,,,generic_timeout_error,consistent,,,,0,,https://explorer.ooni.torproject.org/measurement/20180330T104336Z_AS24757_qogiCFP0kTE8l96BxqTZLV3956aEU1dAFx2nzbA0OY5uuVjriL?input=https://mereja.com
2018-03-30 11:01:26,http://mereja.com,f,http-failure,,,connection_reset,consistent,,,,0,,https://explorer.ooni.torproject.org/measurement/20180330T104336Z_AS24757_qogiCFP0kTE8l96BxqTZLV3956aEU1dAFx2nzbA0OY5uuVjriL?input=http://mereja.com
2018-03-30 11:06:13,http://mereja.com,f,http-failure,,,connection_reset,consistent,,,,0,,https://explorer.ooni.torproject.org/measurement/20180330T110600Z_AS24757_mIewxq461iGr1VIo3Pg73GNeBhyWY0UB3WayMCgUxofeK4Bvml?input=http://mereja.com
2018-03-30 11:06:17,https://mereja.com,f,http-failure,,,generic_timeout_error,consistent,,,,0,,https://explorer.ooni.torproject.org/measurement/20180330T110600Z_AS24757_mIewxq461iGr1VIo3Pg73GNeBhyWY0UB3WayMCgUxofeK4Bvml?input=https://mereja.com
2018-04-03 06:31:35,https://mereja.com,f,http-failure,,,generic_timeout_error,consistent,,,,0,,https://explorer.ooni.torproject.org/measurement/20180403T062403Z_AS24757_3ikvaly7HlrpDHzJZ2LxXDaghCxMD81WYVNz2ThxmCENXYcvVP?input=https://mereja.com
2018-04-03 06:35:38,http://mereja.com,f,http-failure,,,connection_reset,consistent,,,,0,,https://explorer.ooni.torproject.org/measurement/20180403T062403Z_AS24757_3ikvaly7HlrpDHzJZ2LxXDaghCxMD81WYVNz2ThxmCENXYcvVP?input=http://mereja.com
2018-04-12 18:07:45,https://mereja.com,f,http-failure,,,generic_timeout_error,consistent,,,,0,,https://explorer.ooni.torproject.org/measurement/20180412T180619Z_AS24757_N9jB51eOdozBtMYT6aPAaY4y0DMod7nAGSUCJ5a3rgYS4UF0wL?input=https://mereja.com
2018-04-12 18:13:17,http://mereja.com,f,tcp_ip,,,connection_reset,consistent,,,,0,,https://explorer.ooni.torproject.org/measurement/20180412T180619Z_AS24757_N9jB51eOdozBtMYT6aPAaY4y0DMod7nAGSUCJ5a3rgYS4UF0wL?input=http://mereja.com
2018-06-07 19:10:52,https://mereja.com,t,false,,,,consistent,t,t,t,1,t,https://explorer.ooni.torproject.org/measurement/20180607T190737Z_AS24757_aVOA3TKk17VjUrffznLi8OwF5JOtkJw69mrXB3iKYSosFJq6wX?input=https://mereja.com
2018-06-07 19:10:56,http://mereja.com,t,false,,,,consistent,t,t,t,1,t,https://explorer.ooni.torproject.org/measurement/20180607T190737Z_AS24757_aVOA3TKk17VjUrffznLi8OwF5JOtkJw69mrXB3iKYSosFJq6wX?input=http://mereja.com
2018-06-07 22:54:51,https://mereja.com,t,false,,,,consistent,t,t,t,1,t,https://explorer.ooni.torproject.org/measurement/20180607T224120Z_AS24757_EosXWkpmIOOjuCsiO2zwrksubPmahjUQtuEQNKZS4wRuzboNfy?input=https://mereja.com
2018-06-07 22:55:06,http://mereja.com,t,false,,,,consistent,t,t,t,1,t,https://explorer.ooni.torproject.org/measurement/20180607T224120Z_AS24757_EosXWkpmIOOjuCsiO2zwrksubPmahjUQtuEQNKZS4wRuzboNfy?input=http://mereja.com
2018-06-22 20:04:53,https://mereja.com,t,false,,,,consistent,t,t,t,1,t,https://explorer.ooni.torproject.org/measurement/20180622T192757Z_AS24757_rkb3FEigjlMTmrAO6vvUAZr1ZhZ6PfW30zDjq9NRe3Mfo1MdmM?input=https://mereja.com
2018-06-22 21:02:13,http://mereja.com,f,http-failure,,,generic_timeout_error,consistent,,,,0,,https://explorer.ooni.torproject.org/measurement/20180622T192757Z_AS24757_rkb3FEigjlMTmrAO6vvUAZr1ZhZ6PfW30zDjq9NRe3Mfo1MdmM?input=http://mereja.com
2018-06-23 15:11:20,https://mereja.com,t,false,,,,consistent,t,t,t,1,t,https://explorer.ooni.torproject.org/measurement/20180623T151119Z_AS24757_pnkzXHeUDMlWefsKvJ2xIOr3aXCXIQ0uwzypXghMFPbgLMC8wQ?input=https://mereja.com
2018-06-23 15:13:06,http://mereja.com,t,false,,,,consistent,t,t,t,1,t,https://explorer.ooni.torproject.org/measurement/20180623T151119Z_AS24757_pnkzXHeUDMlWefsKvJ2xIOr3aXCXIQ0uwzypXghMFPbgLMC8wQ?input=http://mereja.com
2018-02-24 07:00:10,http://nazret.com,f,http-failure,,,http_parser_error,consistent,,,,0,,https://explorer.ooni.torproject.org/measurement/20180224T065645Z_AS24757_kHgSNnt3ZBjGe8Af2JZZ5jEMQ7ro2MtqyrA5CWK8ON5Z2IVXdS?input=http://nazret.com
2018-03-29 03:48:38,https://www.nazret.com/,f,dns,,,dns_lookup_error,inconsistent,,,,0,,https://explorer.ooni.torproject.org/measurement/20180329T032433Z_AS24757_e14yxQXLSnTr6Uve5T2czUQFVF3ULVFbpKrhF6AZVrNfidkStP?input=https://www.nazret.com/
2018-03-29 11:54:41,https://www.nazret.com/,f,http-failure,,,generic_timeout_error,consistent,,,,0,,https://explorer.ooni.torproject.org/measurement/20180329T114744Z_AS24757_TtFYQu7NPoZboI7e7TnGCImseLnCUtBD8C1h3TwNFTGzuBC1QO?input=https://www.nazret.com/
2018-03-29 11:58:42,http://www.nazret.com/,f,http-failure,,,connection_reset,consistent,,,,0,,https://explorer.ooni.torproject.org/measurement/20180329T114744Z_AS24757_TtFYQu7NPoZboI7e7TnGCImseLnCUtBD8C1h3TwNFTGzuBC1QO?input=http://www.nazret.com/
2018-03-30 10:56:04,https://www.nazret.com/,f,http-failure,,,generic_timeout_error,consistent,,,,0,,https://explorer.ooni.torproject.org/measurement/20180330T104336Z_AS24757_qogiCFP0kTE8l96BxqTZLV3956aEU1dAFx2nzbA0OY5uuVjriL?input=https://www.nazret.com/
2018-03-30 11:04:28,http://www.nazret.com/,f,http-failure,,,connection_reset,consistent,,,,0,,https://explorer.ooni.torproject.org/measurement/20180330T104336Z_AS24757_qogiCFP0kTE8l96BxqTZLV3956aEU1dAFx2nzbA0OY5uuVjriL?input=http://www.nazret.com/
2018-03-30 11:07:05,https://www.nazret.com/,f,http-failure,,,generic_timeout_error,consistent,,,,0,,https://explorer.ooni.torproject.org/measurement/20180330T110600Z_AS24757_mIewxq461iGr1VIo3Pg73GNeBhyWY0UB3WayMCgUxofeK4Bvml?input=https://www.nazret.com/
2018-04-03 06:32:17,http://www.nazret.com/,f,http-failure,,,connection_reset,consistent,,,,0,,https://explorer.ooni.torproject.org/measurement/20180403T062403Z_AS24757_3ikvaly7HlrpDHzJZ2LxXDaghCxMD81WYVNz2ThxmCENXYcvVP?input=http://www.nazret.com/
2018-04-03 06:35:43,https://www.nazret.com/,f,http-failure,,,generic_timeout_error,consistent,,,,0,,https://explorer.ooni.torproject.org/measurement/20180403T062403Z_AS24757_3ikvaly7HlrpDHzJZ2LxXDaghCxMD81WYVNz2ThxmCENXYcvVP?input=https://www.nazret.com/
2018-04-12 18:09:36,http://www.nazret.com/,f,http-failure,,,connection_reset,consistent,,,,0,,https://explorer.ooni.torproject.org/measurement/20180412T180619Z_AS24757_N9jB51eOdozBtMYT6aPAaY4y0DMod7nAGSUCJ5a3rgYS4UF0wL?input=http://www.nazret.com/
2018-04-12 18:14:15,https://www.nazret.com/,f,http-failure,,,generic_timeout_error,consistent,,,,0,,https://explorer.ooni.torproject.org/measurement/20180412T180619Z_AS24757_N9jB51eOdozBtMYT6aPAaY4y0DMod7nAGSUCJ5a3rgYS4UF0wL?input=https://www.nazret.com/
2018-06-07 19:21:51,http://www.nazret.com/,t,false,,,,consistent,t,t,t,1,t,https://explorer.ooni.torproject.org/measurement/20180607T190737Z_AS24757_aVOA3TKk17VjUrffznLi8OwF5JOtkJw69mrXB3iKYSosFJq6wX?input=http://www.nazret.com/
2018-06-07 19:28:28,https://www.nazret.com/,t,false,,,,consistent,t,t,t,1,t,https://explorer.ooni.torproject.org/measurement/20180607T190737Z_AS24757_aVOA3TKk17VjUrffznLi8OwF5JOtkJw69mrXB3iKYSosFJq6wX?input=https://www.nazret.com/
2018-06-07 22:46:20,https://www.nazret.com/,t,false,,,,consistent,t,t,t,1,t,https://explorer.ooni.torproject.org/measurement/20180607T224120Z_AS24757_EosXWkpmIOOjuCsiO2zwrksubPmahjUQtuEQNKZS4wRuzboNfy?input=https://www.nazret.com/
2018-06-23 15:11:20,http://nazret.com,t,false,,,,consistent,t,t,t,1,t,https://explorer.ooni.torproject.org/measurement/20180623T151119Z_AS24757_pnkzXHeUDMlWefsKvJ2xIOr3aXCXIQ0uwzypXghMFPbgLMC8wQ?input=http://nazret.com
2018-06-24 10:00:39,http://www.nazret.com/,t,false,,,,consistent,t,t,t,1,t,https://explorer.ooni.torproject.org/measurement/20180624T095414Z_AS24757_8n0E1nbCnJmkeI97jQbxbXyz3Q9h93jf4IP6f5nXSFxnsuyyx4?input=http://www.nazret.com/
2018-02-24 07:02:20,http://www.ogaden.com,f,http-failure,,,connection_reset,consistent,,,,0,,https://explorer.ooni.torproject.org/measurement/20180224T065645Z_AS24757_kHgSNnt3ZBjGe8Af2JZZ5jEMQ7ro2MtqyrA5CWK8ON5Z2IVXdS?input=http://www.ogaden.com
2018-06-23 15:11:25,http://www.ogaden.com,t,false,,,,consistent,t,t,t,1,t,https://explorer.ooni.torproject.org/measurement/20180623T151119Z_AS24757_pnkzXHeUDMlWefsKvJ2xIOr3aXCXIQ0uwzypXghMFPbgLMC8wQ?input=http://www.ogaden.com
2018-03-29 03:31:17,https://www.okayafrica.com/,f,dns,,,dns_lookup_error,inconsistent,,,,0,,https://explorer.ooni.torproject.org/measurement/20180329T032433Z_AS24757_e14yxQXLSnTr6Uve5T2czUQFVF3ULVFbpKrhF6AZVrNfidkStP?input=https://www.okayafrica.com/
2018-03-29 11:54:02,http://www.okayafrica.com/,f,http-failure,,,connection_reset,consistent,,,,0,,https://explorer.ooni.torproject.org/measurement/20180329T114744Z_AS24757_TtFYQu7NPoZboI7e7TnGCImseLnCUtBD8C1h3TwNFTGzuBC1QO?input=http://www.okayafrica.com/
2018-03-29 11:56:18,https://www.okayafrica.com/,t,false,,,ssl_missing_hostname,consistent,,,,0,,https://explorer.ooni.torproject.org/measurement/20180329T114744Z_AS24757_TtFYQu7NPoZboI7e7TnGCImseLnCUtBD8C1h3TwNFTGzuBC1QO?input=https://www.okayafrica.com/
2018-03-30 10:48:29,https://www.okayafrica.com/,t,false,,,ssl_missing_hostname,consistent,,,,0,,https://explorer.ooni.torproject.org/measurement/20180330T104336Z_AS24757_qogiCFP0kTE8l96BxqTZLV3956aEU1dAFx2nzbA0OY5uuVjriL?input=https://www.okayafrica.com/
2018-03-30 10:49:11,http://www.okayafrica.com/,f,http-failure,,,connection_reset,consistent,,,,0,,https://explorer.ooni.torproject.org/measurement/20180330T104336Z_AS24757_qogiCFP0kTE8l96BxqTZLV3956aEU1dAFx2nzbA0OY5uuVjriL?input=http://www.okayafrica.com/
2018-04-03 06:29:01,https://www.okayafrica.com/,t,false,,,ssl_missing_hostname,consistent,,,,0,,https://explorer.ooni.torproject.org/measurement/20180403T062403Z_AS24757_3ikvaly7HlrpDHzJZ2LxXDaghCxMD81WYVNz2ThxmCENXYcvVP?input=https://www.okayafrica.com/
2018-04-03 06:36:01,http://www.okayafrica.com/,f,http-failure,,,connection_reset,consistent,,,,0,,https://explorer.ooni.torproject.org/measurement/20180403T062403Z_AS24757_3ikvaly7HlrpDHzJZ2LxXDaghCxMD81WYVNz2ThxmCENXYcvVP?input=http://www.okayafrica.com/
2018-04-12 18:08:23,https://www.okayafrica.com/,t,false,,,ssl_missing_hostname,consistent,,,,0,,https://explorer.ooni.torproject.org/measurement/20180412T180619Z_AS24757_N9jB51eOdozBtMYT6aPAaY4y0DMod7nAGSUCJ5a3rgYS4UF0wL?input=https://www.okayafrica.com/
2018-04-12 18:12:04,http://www.okayafrica.com/,f,http-failure,,,connection_reset,consistent,,,,0,,https://explorer.ooni.torproject.org/measurement/20180412T180619Z_AS24757_N9jB51eOdozBtMYT6aPAaY4y0DMod7nAGSUCJ5a3rgYS4UF0wL?input=http://www.okayafrica.com/
2018-06-07 19:17:58,http://www.okayafrica.com/,f,http-failure,,,not_connected,consistent,,,,0,,https://explorer.ooni.torproject.org/measurement/20180607T190737Z_AS24757_aVOA3TKk17VjUrffznLi8OwF5JOtkJw69mrXB3iKYSosFJq6wX?input=http://www.okayafrica.com/
2018-06-07 19:25:32,https://www.okayafrica.com/,t,false,,,ssl_missing_hostname,consistent,,,,0,,https://explorer.ooni.torproject.org/measurement/20180607T190737Z_AS24757_aVOA3TKk17VjUrffznLi8OwF5JOtkJw69mrXB3iKYSosFJq6wX?input=https://www.okayafrica.com/
2018-06-24 09:56:23,https://www.okayafrica.com/,t,false,,,ssl_missing_hostname,consistent,,,,0,,https://explorer.ooni.torproject.org/measurement/20180624T095414Z_AS24757_8n0E1nbCnJmkeI97jQbxbXyz3Q9h93jf4IP6f5nXSFxnsuyyx4?input=https://www.okayafrica.com/
2018-06-24 13:43:55,http://www.okayafrica.com/,f,http-failure,,,connection_reset,consistent,,,,0,,https://explorer.ooni.torproject.org/measurement/20180624T134355Z_AS24757_ObbQNsCVsRmWBNxRdVwmSD4SRGjwcMNXHLQZXUMTRAQGnLHIsf?input=http://www.okayafrica.com/
2018-03-29 03:30:32,http://www.oromiamedia.org/,f,tcp_ip,,,connect_error,consistent,,,,0,,https://explorer.ooni.torproject.org/measurement/20180329T032433Z_AS24757_e14yxQXLSnTr6Uve5T2czUQFVF3ULVFbpKrhF6AZVrNfidkStP?input=http://www.oromiamedia.org/
2018-03-29 11:55:14,http://www.oromiamedia.org/,f,tcp_ip,,,connect_error,consistent,,,,0,,https://explorer.ooni.torproject.org/measurement/20180329T114744Z_AS24757_TtFYQu7NPoZboI7e7TnGCImseLnCUtBD8C1h3TwNFTGzuBC1QO?input=http://www.oromiamedia.org/
2018-03-29 11:56:45,https://www.oromiamedia.org/,f,tcp_ip,,,connect_error,consistent,,,,0,,https://explorer.ooni.torproject.org/measurement/20180329T114744Z_AS24757_TtFYQu7NPoZboI7e7TnGCImseLnCUtBD8C1h3TwNFTGzuBC1QO?input=https://www.oromiamedia.org/
2018-03-30 10:52:19,http://www.oromiamedia.org/,f,tcp_ip,,,connect_error,consistent,,,,0,,https://explorer.ooni.torproject.org/measurement/20180330T104336Z_AS24757_qogiCFP0kTE8l96BxqTZLV3956aEU1dAFx2nzbA0OY5uuVjriL?input=http://www.oromiamedia.org/
2018-03-30 10:59:33,https://www.oromiamedia.org/,f,tcp_ip,,,connect_error,consistent,,,,0,,https://explorer.ooni.torproject.org/measurement/20180330T104336Z_AS24757_qogiCFP0kTE8l96BxqTZLV3956aEU1dAFx2nzbA0OY5uuVjriL?input=https://www.oromiamedia.org/
2018-03-30 11:06:34,https://www.oromiamedia.org/,f,tcp_ip,,,connect_error,consistent,,,,0,,https://explorer.ooni.torproject.org/measurement/20180330T110600Z_AS24757_mIewxq461iGr1VIo3Pg73GNeBhyWY0UB3WayMCgUxofeK4Bvml?input=https://www.oromiamedia.org/
2018-04-03 06:33:39,https://www.oromiamedia.org/,f,tcp_ip,,,connect_error,consistent,,,,0,,https://explorer.ooni.torproject.org/measurement/20180403T062403Z_AS24757_3ikvaly7HlrpDHzJZ2LxXDaghCxMD81WYVNz2ThxmCENXYcvVP?input=https://www.oromiamedia.org/
2018-04-03 06:36:47,http://www.oromiamedia.org/,f,tcp_ip,,,connect_error,consistent,,,,0,,https://explorer.ooni.torproject.org/measurement/20180403T062403Z_AS24757_3ikvaly7HlrpDHzJZ2LxXDaghCxMD81WYVNz2ThxmCENXYcvVP?input=http://www.oromiamedia.org/
2018-04-12 18:16:23,https://www.oromiamedia.org/,f,tcp_ip,,,connect_error,consistent,,,,0,,https://explorer.ooni.torproject.org/measurement/20180412T180619Z_AS24757_N9jB51eOdozBtMYT6aPAaY4y0DMod7nAGSUCJ5a3rgYS4UF0wL?input=https://www.oromiamedia.org/
2018-04-12 18:17:21,http://www.oromiamedia.org/,f,tcp_ip,,,connect_error,consistent,,,,0,,https://explorer.ooni.torproject.org/measurement/20180412T180619Z_AS24757_N9jB51eOdozBtMYT6aPAaY4y0DMod7nAGSUCJ5a3rgYS4UF0wL?input=http://www.oromiamedia.org/
2018-05-04 06:42:27,http://www.oromiamedia.org/,f,tcp_ip,,,connection_reset,consistent,,,,0,,https://explorer.ooni.torproject.org/measurement/20180504T064138Z_AS24757_bG2hOF4yLGhsaAMoZZ0CD6jgblmya3xKntwUTfwDH06xkhjr81?input=http://www.oromiamedia.org/
2018-06-07 19:11:31,http://www.oromiamedia.org/,f,tcp_ip,,,connect_error,consistent,,,,0,,https://explorer.ooni.torproject.org/measurement/20180607T190737Z_AS24757_aVOA3TKk17VjUrffznLi8OwF5JOtkJw69mrXB3iKYSosFJq6wX?input=http://www.oromiamedia.org/
2018-06-07 19:19:20,https://www.oromiamedia.org/,f,tcp_ip,,,connect_error,consistent,,,,0,,https://explorer.ooni.torproject.org/measurement/20180607T190737Z_AS24757_aVOA3TKk17VjUrffznLi8OwF5JOtkJw69mrXB3iKYSosFJq6wX?input=https://www.oromiamedia.org/
2018-06-07 22:45:18,http://www.oromiamedia.org/,f,tcp_ip,,,connect_error,consistent,,,,0,,https://explorer.ooni.torproject.org/measurement/20180607T224120Z_AS24757_EosXWkpmIOOjuCsiO2zwrksubPmahjUQtuEQNKZS4wRuzboNfy?input=http://www.oromiamedia.org/
2018-06-23 15:13:22,http://www.oromiamedia.org/,f,tcp_ip,,,connect_error,consistent,,,,0,,https://explorer.ooni.torproject.org/measurement/20180623T151119Z_AS24757_pnkzXHeUDMlWefsKvJ2xIOr3aXCXIQ0uwzypXghMFPbgLMC8wQ?input=http://www.oromiamedia.org/
2018-06-24 09:56:58,http://www.oromiamedia.org/,t,false,,,,consistent,t,t,t,1,t,https://explorer.ooni.torproject.org/measurement/20180624T095414Z_AS24757_8n0E1nbCnJmkeI97jQbxbXyz3Q9h93jf4IP6f5nXSFxnsuyyx4?input=http://www.oromiamedia.org/
2018-03-29 03:40:43,http://psiphon.ca,f,dns,,,dns_lookup_error,inconsistent,,,,0,,https://explorer.ooni.torproject.org/measurement/20180329T032433Z_AS24757_e14yxQXLSnTr6Uve5T2czUQFVF3ULVFbpKrhF6AZVrNfidkStP?input=http://psiphon.ca
2018-03-29 11:52:43,http://psiphon.ca,f,http-failure,,,connection_reset,consistent,,,,0,,https://explorer.ooni.torproject.org/measurement/20180329T114744Z_AS24757_TtFYQu7NPoZboI7e7TnGCImseLnCUtBD8C1h3TwNFTGzuBC1QO?input=http://psiphon.ca
2018-03-29 11:53:39,https://psiphon.ca,t,false,,,,consistent,t,t,t,1,t,https://explorer.ooni.torproject.org/measurement/20180329T114744Z_AS24757_TtFYQu7NPoZboI7e7TnGCImseLnCUtBD8C1h3TwNFTGzuBC1QO?input=https://psiphon.ca
2018-03-30 10:51:42,http://psiphon.ca,f,http-failure,,,connection_reset,consistent,,,,0,,https://explorer.ooni.torproject.org/measurement/20180330T104336Z_AS24757_qogiCFP0kTE8l96BxqTZLV3956aEU1dAFx2nzbA0OY5uuVjriL?input=http://psiphon.ca
2018-03-30 10:57:14,https://psiphon.ca,t,false,,,,consistent,t,t,t,1,t,https://explorer.ooni.torproject.org/measurement/20180330T104336Z_AS24757_qogiCFP0kTE8l96BxqTZLV3956aEU1dAFx2nzbA0OY5uuVjriL?input=https://psiphon.ca
2018-03-30 11:06:10,http://psiphon.ca,f,http-failure,,,connection_reset,consistent,,,,0,,https://explorer.ooni.torproject.org/measurement/20180330T110600Z_AS24757_mIewxq461iGr1VIo3Pg73GNeBhyWY0UB3WayMCgUxofeK4Bvml?input=http://psiphon.ca
2018-04-03 06:33:30,http://psiphon.ca,f,http-failure,,,connection_reset,consistent,,,,0,,https://explorer.ooni.torproject.org/measurement/20180403T062403Z_AS24757_3ikvaly7HlrpDHzJZ2LxXDaghCxMD81WYVNz2ThxmCENXYcvVP?input=http://psiphon.ca
2018-04-03 06:33:41,https://psiphon.ca,t,false,,,,consistent,t,t,t,1,t,https://explorer.ooni.torproject.org/measurement/20180403T062403Z_AS24757_3ikvaly7HlrpDHzJZ2LxXDaghCxMD81WYVNz2ThxmCENXYcvVP?input=https://psiphon.ca
2018-04-12 18:07:07,http://psiphon.ca,f,http-failure,,,connection_reset,consistent,,,,0,,https://explorer.ooni.torproject.org/measurement/20180412T180619Z_AS24757_N9jB51eOdozBtMYT6aPAaY4y0DMod7nAGSUCJ5a3rgYS4UF0wL?input=http://psiphon.ca
2018-04-12 18:09:36,https://psiphon.ca,t,false,,,,consistent,t,t,t,1,t,https://explorer.ooni.torproject.org/measurement/20180412T180619Z_AS24757_N9jB51eOdozBtMYT6aPAaY4y0DMod7nAGSUCJ5a3rgYS4UF0wL?input=https://psiphon.ca
2018-06-07 19:14:55,https://psiphon.ca,t,false,,,,consistent,t,t,t,1,t,https://explorer.ooni.torproject.org/measurement/20180607T190737Z_AS24757_aVOA3TKk17VjUrffznLi8OwF5JOtkJw69mrXB3iKYSosFJq6wX?input=https://psiphon.ca
2018-06-07 19:19:08,http://psiphon.ca,t,false,,,,consistent,t,t,t,1,t,https://explorer.ooni.torproject.org/measurement/20180607T190737Z_AS24757_aVOA3TKk17VjUrffznLi8OwF5JOtkJw69mrXB3iKYSosFJq6wX?input=http://psiphon.ca
2018-06-07 22:47:48,http://psiphon.ca,t,false,,,,consistent,t,t,t,1,t,https://explorer.ooni.torproject.org/measurement/20180607T224120Z_AS24757_EosXWkpmIOOjuCsiO2zwrksubPmahjUQtuEQNKZS4wRuzboNfy?input=http://psiphon.ca
2018-06-07 22:49:48,https://psiphon.ca,t,false,,,,consistent,t,t,t,1,t,https://explorer.ooni.torproject.org/measurement/20180607T224120Z_AS24757_EosXWkpmIOOjuCsiO2zwrksubPmahjUQtuEQNKZS4wRuzboNfy?input=https://psiphon.ca
2018-06-22 20:05:18,https://psiphon.ca,f,http-failure,,,not_connected,consistent,,,,0,,https://explorer.ooni.torproject.org/measurement/20180622T192757Z_AS24757_rkb3FEigjlMTmrAO6vvUAZr1ZhZ6PfW30zDjq9NRe3Mfo1MdmM?input=https://psiphon.ca
2018-03-29 03:50:42,http://www.queernet.org/,f,dns,,,dns_lookup_error,inconsistent,,,,0,,https://explorer.ooni.torproject.org/measurement/20180329T032433Z_AS24757_e14yxQXLSnTr6Uve5T2czUQFVF3ULVFbpKrhF6AZVrNfidkStP?input=http://www.queernet.org/
2018-03-29 11:53:53,http://www.queernet.org/,f,http-failure,,,connection_reset,consistent,,,,0,,https://explorer.ooni.torproject.org/measurement/20180329T114744Z_AS24757_TtFYQu7NPoZboI7e7TnGCImseLnCUtBD8C1h3TwNFTGzuBC1QO?input=http://www.queernet.org/
2018-03-30 10:54:07,http://www.queernet.org/,f,http-failure,,,connection_reset,consistent,,,,0,,https://explorer.ooni.torproject.org/measurement/20180330T104336Z_AS24757_qogiCFP0kTE8l96BxqTZLV3956aEU1dAFx2nzbA0OY5uuVjriL?input=http://www.queernet.org/
2018-03-30 11:06:53,http://www.queernet.org/,f,http-failure,,,connection_reset,consistent,,,,0,,https://explorer.ooni.torproject.org/measurement/20180330T110600Z_AS24757_mIewxq461iGr1VIo3Pg73GNeBhyWY0UB3WayMCgUxofeK4Bvml?input=http://www.queernet.org/
2018-04-03 06:37:21,http://www.queernet.org/,t,false,,,,consistent,t,f,t,1,t,https://explorer.ooni.torproject.org/measurement/20180403T062403Z_AS24757_3ikvaly7HlrpDHzJZ2LxXDaghCxMD81WYVNz2ThxmCENXYcvVP?input=http://www.queernet.org/
2018-04-12 18:08:30,http://www.queernet.org/,f,http-failure,,,connection_reset,consistent,,,,0,,https://explorer.ooni.torproject.org/measurement/20180412T180619Z_AS24757_N9jB51eOdozBtMYT6aPAaY4y0DMod7nAGSUCJ5a3rgYS4UF0wL?input=http://www.queernet.org/
2018-06-07 19:28:44,http://www.queernet.org/,t,false,,,,consistent,t,f,t,1,t,https://explorer.ooni.torproject.org/measurement/20180607T190737Z_AS24757_aVOA3TKk17VjUrffznLi8OwF5JOtkJw69mrXB3iKYSosFJq6wX?input=http://www.queernet.org/
2018-06-07 22:47:01,http://www.queernet.org/,t,false,,,,consistent,t,f,t,1,t,https://explorer.ooni.torproject.org/measurement/20180607T224120Z_AS24757_EosXWkpmIOOjuCsiO2zwrksubPmahjUQtuEQNKZS4wRuzboNfy?input=http://www.queernet.org/
2018-02-24 07:51:56,http://www.samesexmarriage.ca,f,http-failure,,,response_never_received,consistent,,,,,,https://explorer.ooni.torproject.org/measurement/20180224T054510Z_AS24757_AwRSKyGO8e1nyJOso2i81owCjg9kdxHXZlF0JnYyn8rMQsQWpz?input=http://www.samesexmarriage.ca
2018-02-24 07:51:56,http://www.samesexmarriage.ca,f,http-failure,,,response_never_received,consistent,,,,,,https://explorer.ooni.torproject.org/measurement/20180226T130436Z_AS24757_I92qPHDdzidUh6huAbI3iGcLTPae4N7dS9L16h9SFi7AeZczAi?input=http://www.samesexmarriage.ca
2018-06-25 11:00:16,http://www.samesexmarriage.ca,t,false,,,,consistent,t,t,,1,t,https://explorer.ooni.torproject.org/measurement/20180625T122826Z_AS24757_csAuWFuX9SkLE1hcCKlFNhQbcfRNWK5ttP0I1IIxAGr9SbbBs8?input=http://www.samesexmarriage.ca
2018-06-25 14:01:08,http://www.samesexmarriage.ca,t,false,,,,consistent,t,t,,1,t,https://explorer.ooni.torproject.org/measurement/20180625T111810Z_AS24757_vDvB7mXDsZf3Eh8xMWbzyP7SzP1mgUnRhLSQ4vfl2a9T7jsetE?input=http://www.samesexmarriage.ca
2018-01-04 07:29:59,https://www.torproject.org/projects/torbrowser.html.en,f,http-failure,,,generic_timeout_error,consistent,,,,0,,https://explorer.ooni.torproject.org/measurement/20180104T072959Z_AS24757_zZJbi3J0ZU6fqiq2tFMxfhoIpCaXjPpIODASxTkKw5mZMWQywx?input=https://www.torproject.org/projects/torbrowser.html.en
2018-01-04 07:31:58,https://ooni.torproject.org/,f,http-failure,,,generic_timeout_error,consistent,,,,0,,https://explorer.ooni.torproject.org/measurement/20180104T072959Z_AS24757_zZJbi3J0ZU6fqiq2tFMxfhoIpCaXjPpIODASxTkKw5mZMWQywx?input=https://ooni.torproject.org/
2018-01-04 07:32:13,https://explorer.ooni.torproject.org/world/,f,http-failure,,,generic_timeout_error,consistent,,,,0,,https://explorer.ooni.torproject.org/measurement/20180104T072959Z_AS24757_zZJbi3J0ZU6fqiq2tFMxfhoIpCaXjPpIODASxTkKw5mZMWQywx?input=https://explorer.ooni.torproject.org/world/
2018-01-04 07:33:06,https://explorer.ooni.torproject.org/country/ET,f,http-failure,,,generic_timeout_error,consistent,,,,0,,https://explorer.ooni.torproject.org/measurement/20180104T072959Z_AS24757_zZJbi3J0ZU6fqiq2tFMxfhoIpCaXjPpIODASxTkKw5mZMWQywx?input=https://explorer.ooni.torproject.org/country/ET
2018-01-04 07:33:25,https://www.torproject.org/,f,http-failure,,,generic_timeout_error,consistent,,,,0,,https://explorer.ooni.torproject.org/measurement/20180104T072959Z_AS24757_zZJbi3J0ZU6fqiq2tFMxfhoIpCaXjPpIODASxTkKw5mZMWQywx?input=https://www.torproject.org/
2018-01-18 14:18:56,https://ooni.torproject.org/,f,http-failure,,,generic_timeout_error,consistent,,,,0,,https://explorer.ooni.torproject.org/measurement/20180118T141856Z_AS24757_VfPfwgt6dNzyxGWX6TnFMCUVpDi8b9gXSTf3jIybQ6vhI50Y3g?input=https://ooni.torproject.org/
2018-01-18 14:18:59,https://explorer.ooni.torproject.org/country/ET,f,http-failure,,,generic_timeout_error,consistent,,,,0,,https://explorer.ooni.torproject.org/measurement/20180118T141856Z_AS24757_VfPfwgt6dNzyxGWX6TnFMCUVpDi8b9gXSTf3jIybQ6vhI50Y3g?input=https://explorer.ooni.torproject.org/country/ET
2018-01-18 14:19:31,https://www.torproject.org/docs/pluggable-transports.html.en,f,http-failure,,,generic_timeout_error,consistent,,,,0,,https://explorer.ooni.torproject.org/measurement/20180118T141856Z_AS24757_VfPfwgt6dNzyxGWX6TnFMCUVpDi8b9gXSTf3jIybQ6vhI50Y3g?input=https://www.torproject.org/docs/pluggable-transports.html.en
2018-01-18 14:20:06,https://explorer.ooni.torproject.org/world/,f,http-failure,,,generic_timeout_error,consistent,,,,0,,https://explorer.ooni.torproject.org/measurement/20180118T141856Z_AS24757_VfPfwgt6dNzyxGWX6TnFMCUVpDi8b9gXSTf3jIybQ6vhI50Y3g?input=https://explorer.ooni.torproject.org/world/
2018-02-24 10:17:44,https://www.torproject.org,f,http-failure,,,generic_timeout_error,consistent,,,,0,,https://explorer.ooni.torproject.org/measurement/20180224T101619Z_AS24757_W2wFLwKUuqLJAygXnhL9uc5gruglqXggP2sYpH9d5Dz4akcpu0?input=https://www.torproject.org
2018-02-24 20:23:21,http://ooni.torproject.org,,,,,generic_timeout_error,,,,,,,https://explorer.ooni.torproject.org/measurement/20180226T130436Z_AS24757_I92qPHDdzidUh6huAbI3iGcLTPae4N7dS9L16h9SFi7AeZczAi?input=http://ooni.torproject.org
2018-02-25 08:08:49,http://www.torproject.org,,,,,,,,,,,,https://explorer.ooni.torproject.org/measurement/20180226T130436Z_AS24757_I92qPHDdzidUh6huAbI3iGcLTPae4N7dS9L16h9SFi7AeZczAi?input=http://www.torproject.org
2018-02-25 08:08:59,https://www.torproject.org,,,,,,,,,,,,https://explorer.ooni.torproject.org/measurement/20180226T130436Z_AS24757_I92qPHDdzidUh6huAbI3iGcLTPae4N7dS9L16h9SFi7AeZczAi?input=https://www.torproject.org
2018-03-29 03:30:21,http://www.torproject.org/,f,http-failure,,,connection_reset,consistent,,,,0,,https://explorer.ooni.torproject.org/measurement/20180329T032433Z_AS24757_e14yxQXLSnTr6Uve5T2czUQFVF3ULVFbpKrhF6AZVrNfidkStP?input=http://www.torproject.org/
2018-03-29 11:52:40,https://www.torproject.org/,f,http-failure,,,generic_timeout_error,consistent,,,,0,,https://explorer.ooni.torproject.org/measurement/20180329T114744Z_AS24757_TtFYQu7NPoZboI7e7TnGCImseLnCUtBD8C1h3TwNFTGzuBC1QO?input=https://www.torproject.org/
2018-03-29 11:53:51,http://www.torproject.org/,f,http-failure,,,connection_reset,consistent,,,,0,,https://explorer.ooni.torproject.org/measurement/20180329T114744Z_AS24757_TtFYQu7NPoZboI7e7TnGCImseLnCUtBD8C1h3TwNFTGzuBC1QO?input=http://www.torproject.org/
2018-03-30 10:48:16,http://www.torproject.org/,f,http-failure,,,connection_reset,consistent,,,,0,,https://explorer.ooni.torproject.org/measurement/20180330T104336Z_AS24757_qogiCFP0kTE8l96BxqTZLV3956aEU1dAFx2nzbA0OY5uuVjriL?input=http://www.torproject.org/
2018-03-30 10:56:49,https://www.torproject.org/,f,http-failure,,,generic_timeout_error,consistent,,,,0,,https://explorer.ooni.torproject.org/measurement/20180330T104336Z_AS24757_qogiCFP0kTE8l96BxqTZLV3956aEU1dAFx2nzbA0OY5uuVjriL?input=https://www.torproject.org/
2018-04-03 06:34:33,https://www.torproject.org/,f,http-failure,,,generic_timeout_error,consistent,,,,0,,https://explorer.ooni.torproject.org/measurement/20180403T062403Z_AS24757_3ikvaly7HlrpDHzJZ2LxXDaghCxMD81WYVNz2ThxmCENXYcvVP?input=https://www.torproject.org/
2018-04-03 06:37:56,http://www.torproject.org/,f,http-failure,,,connection_reset,consistent,,,,0,,https://explorer.ooni.torproject.org/measurement/20180403T062403Z_AS24757_3ikvaly7HlrpDHzJZ2LxXDaghCxMD81WYVNz2ThxmCENXYcvVP?input=http://www.torproject.org/
2018-04-12 18:16:35,http://www.torproject.org/,f,http-failure,,,connection_reset,consistent,,,,0,,https://explorer.ooni.torproject.org/measurement/20180412T180619Z_AS24757_N9jB51eOdozBtMYT6aPAaY4y0DMod7nAGSUCJ5a3rgYS4UF0wL?input=http://www.torproject.org/
2018-04-12 18:18:15,https://www.torproject.org/,f,http-failure,,,generic_timeout_error,consistent,,,,0,,https://explorer.ooni.torproject.org/measurement/20180412T180619Z_AS24757_N9jB51eOdozBtMYT6aPAaY4y0DMod7nAGSUCJ5a3rgYS4UF0wL?input=https://www.torproject.org/
2018-06-07 19:07:52,http://www.torproject.org/,t,false,,,,consistent,t,t,t,1,t,https://explorer.ooni.torproject.org/measurement/20180607T190737Z_AS24757_aVOA3TKk17VjUrffznLi8OwF5JOtkJw69mrXB3iKYSosFJq6wX?input=http://www.torproject.org/
2018-06-07 19:17:51,https://www.torproject.org/,t,false,,,,consistent,t,t,t,1,t,https://explorer.ooni.torproject.org/measurement/20180607T190737Z_AS24757_aVOA3TKk17VjUrffznLi8OwF5JOtkJw69mrXB3iKYSosFJq6wX?input=https://www.torproject.org/
2018-06-07 23:04:41,https://www.torproject.org/,t,false,,,,consistent,t,t,t,1,t,https://explorer.ooni.torproject.org/measurement/20180607T224120Z_AS24757_EosXWkpmIOOjuCsiO2zwrksubPmahjUQtuEQNKZS4wRuzboNfy?input=https://www.torproject.org/
2018-06-22 19:28:47,https://www.torproject.org/,f,http-failure,,,generic_timeout_error,consistent,,,,0,,https://explorer.ooni.torproject.org/measurement/20180622T192757Z_AS24757_rkb3FEigjlMTmrAO6vvUAZr1ZhZ6PfW30zDjq9NRe3Mfo1MdmM?input=https://www.torproject.org/
2018-06-23 15:10:16,https://www.torproject.org,f,http-failure,,,generic_timeout_error,consistent,,,,0,,https://explorer.ooni.torproject.org/measurement/20180623T151016Z_AS24757_wi0mIIyqGAgiqK7JzULvAAkJ7recHEOTbXA4EXb2s10COhRDUk?input=https://www.torproject.org
2018-06-24 08:37:07,https://www.torproject.org/,,,,,,,,,,,,https://explorer.ooni.torproject.org/measurement/20180624T083707Z_AS24757_5SCGYEZEJmw0T167Oo05VQKx4sqBDGxzfiEfTGK84hsB8u6sWS?input=https://www.torproject.org/
2018-06-24 09:03:04,http://www.torproject.org,,,,,,,,,,,,https://explorer.ooni.torproject.org/measurement/20180625T122826Z_AS24757_csAuWFuX9SkLE1hcCKlFNhQbcfRNWK5ttP0I1IIxAGr9SbbBs8?input=http://www.torproject.org
2018-06-24 09:03:04,http://www.torproject.org,,,,,,,,,,,,https://explorer.ooni.torproject.org/measurement/20180624T083716Z_AS24757_K0xokOGvboZFIcd4LQ90BuOacRbQIBIsSUaM28kmPV8Xta5I6w?input=http://www.torproject.org
2018-06-24 09:03:06,https://www.torproject.org,,,,,,,,,,,,https://explorer.ooni.torproject.org/measurement/20180625T122826Z_AS24757_csAuWFuX9SkLE1hcCKlFNhQbcfRNWK5ttP0I1IIxAGr9SbbBs8?input=https://www.torproject.org
2018-06-24 09:03:06,https://www.torproject.org,,,,,,,,,,,,https://explorer.ooni.torproject.org/measurement/20180624T083716Z_AS24757_K0xokOGvboZFIcd4LQ90BuOacRbQIBIsSUaM28kmPV8Xta5I6w?input=https://www.torproject.org
2018-06-24 09:58:57,http://www.torproject.org/,f,http-failure,,,generic_timeout_error,consistent,,,,0,,https://explorer.ooni.torproject.org/measurement/20180624T095414Z_AS24757_8n0E1nbCnJmkeI97jQbxbXyz3Q9h93jf4IP6f5nXSFxnsuyyx4?input=http://www.torproject.org/
2018-06-25 10:25:55,http://ooni.torproject.org,t,false,,,,consistent,t,t,t,1,t,https://explorer.ooni.torproject.org/measurement/20180625T122826Z_AS24757_csAuWFuX9SkLE1hcCKlFNhQbcfRNWK5ttP0I1IIxAGr9SbbBs8?input=http://ooni.torproject.org
2018-06-25 13:03:33,http://ooni.torproject.org,t,false,,,,consistent,t,t,t,1,t,https://explorer.ooni.torproject.org/measurement/20180625T111810Z_AS24757_vDvB7mXDsZf3Eh8xMWbzyP7SzP1mgUnRhLSQ4vfl2a9T7jsetE?input=http://ooni.torproject.org
2018-06-25 13:39:11,http://www.torproject.org,t,false,,,,consistent,t,t,t,1,t,https://explorer.ooni.torproject.org/measurement/20180625T111810Z_AS24757_vDvB7mXDsZf3Eh8xMWbzyP7SzP1mgUnRhLSQ4vfl2a9T7jsetE?input=http://www.torproject.org
2018-06-25 13:39:12,https://www.torproject.org,t,false,,,,consistent,t,t,t,1,t,https://explorer.ooni.torproject.org/measurement/20180625T111810Z_AS24757_vDvB7mXDsZf3Eh8xMWbzyP7SzP1mgUnRhLSQ4vfl2a9T7jsetE?input=https://www.torproject.org
2018-06-23 15:12:56,http://www.tzta.ca/tzta/english.htm,f,http-failure,,,connection_reset,consistent,,,,0,,https://explorer.ooni.torproject.org/measurement/20180623T151119Z_AS24757_pnkzXHeUDMlWefsKvJ2xIOr3aXCXIQ0uwzypXghMFPbgLMC8wQ?input=http://www.tzta.ca/tzta/english.htm
2018-02-11 15:13:50,http://ultrasurf.us,f,http-failure,,,connection_reset,consistent,,,,0,,https://explorer.ooni.torproject.org/measurement/20180211T151211Z_AS24757_y2sHRir6SPN745xLe2zJIEdw8ZObumlHiibyFyW5ifCGovtpj2?input=http://ultrasurf.us
2018-02-24 07:00:47,http://www.ultrasurf.us,f,http-failure,,,connection_reset,consistent,,,,0,,https://explorer.ooni.torproject.org/measurement/20180224T065645Z_AS24757_kHgSNnt3ZBjGe8Af2JZZ5jEMQ7ro2MtqyrA5CWK8ON5Z2IVXdS?input=http://www.ultrasurf.us
2018-06-23 15:10:16,http://www.ultrasurf.us,t,false,,,,consistent,t,f,t,1,t,https://explorer.ooni.torproject.org/measurement/20180623T151016Z_AS24757_wi0mIIyqGAgiqK7JzULvAAkJ7recHEOTbXA4EXb2s10COhRDUk?input=http://www.ultrasurf.us
2018-06-24 09:02:06,http://ultrasurf.us,f,http-failure,,,response_never_received,consistent,,,,,,https://explorer.ooni.torproject.org/measurement/20180625T122826Z_AS24757_csAuWFuX9SkLE1hcCKlFNhQbcfRNWK5ttP0I1IIxAGr9SbbBs8?input=http://ultrasurf.us
2018-06-24 09:02:06,http://ultrasurf.us,f,http-failure,,,response_never_received,consistent,,,,,,https://explorer.ooni.torproject.org/measurement/20180624T083716Z_AS24757_K0xokOGvboZFIcd4LQ90BuOacRbQIBIsSUaM28kmPV8Xta5I6w?input=http://ultrasurf.us
2018-06-25 06:22:44,http://ultrasurf.us,f,http-failure,,,response_never_received,consistent,,,,,,https://explorer.ooni.torproject.org/measurement/20180625T122826Z_AS24757_csAuWFuX9SkLE1hcCKlFNhQbcfRNWK5ttP0I1IIxAGr9SbbBs8?input=http://ultrasurf.us
2018-06-25 06:22:51,https://ultrasurf.us,f,false,,,response_never_received,consistent,,,,,,https://explorer.ooni.torproject.org/measurement/20180625T122826Z_AS24757_csAuWFuX9SkLE1hcCKlFNhQbcfRNWK5ttP0I1IIxAGr9SbbBs8?input=https://ultrasurf.us
2018-06-25 13:05:26,http://ultrasurf.us,t,false,,,,consistent,t,t,t,1,t,https://explorer.ooni.torproject.org/measurement/20180625T111810Z_AS24757_vDvB7mXDsZf3Eh8xMWbzyP7SzP1mgUnRhLSQ4vfl2a9T7jsetE?input=http://ultrasurf.us
2018-06-25 13:05:30,https://ultrasurf.us,f,false,,,response_never_received,consistent,,,,,,https://explorer.ooni.torproject.org/measurement/20180625T111810Z_AS24757_vDvB7mXDsZf3Eh8xMWbzyP7SzP1mgUnRhLSQ4vfl2a9T7jsetE?input=https://ultrasurf.us
2018-06-25 14:08:17,http://ultrasurf.us,t,false,,,,consistent,t,t,t,1,t,https://explorer.ooni.torproject.org/measurement/20180625T111810Z_AS24757_vDvB7mXDsZf3Eh8xMWbzyP7SzP1mgUnRhLSQ4vfl2a9T7jsetE?input=http://ultrasurf.us
